,adherence_3hp_real_world,adherence_6h_real_world,adherence_6h_rct,RR_no_tx,RR_NA
0,0.7495550682083184,0.5426687320693101,0.5687703018370612,3.297765859520855,1.5859291182188495
1,0.8766686897823397,0.7379926914054596,0.7625843480462992,1.8288947320009168,1.074389091274941
2,0.8944400092470277,0.769777582394279,0.7907611907803124,1.6543902284787309,1.1125005366052996
3,0.8536916689124789,0.6943718583103157,0.7188859083137933,2.104150255331086,1.3996161611826783
4,0.9195586537337636,0.814344998690285,0.8246089796168314,2.270043011101153,1.5736738340831766
5,0.8882498476833909,0.765545339763189,0.7762183141479777,2.2351673327987944,1.2186857754267666
6,0.9391896411297532,0.8551666604024619,0.8639136742887291,2.4601244389952903,1.0075437111053613
7,0.9535747723828126,0.8860880963659538,0.892079145704388,2.0334823264883397,1.0600581329494163
8,0.954109889912063,0.8901128158613973,0.8936368487393129,1.5941002503264285,1.041716399703988
9,0.7461870478649021,0.5379108210769593,0.5449103906233336,4.056188389865314,1.376180128656676
10,0.9346303430796491,0.8499138846755953,0.8580605647492398,2.4639417969530113,1.0275674315285148
11,0.649216326588157,0.4260288485544167,0.4386806549270918,2.1787959277358917,1.099689376638117
12,0.8568354903054582,0.6945388652443455,0.7003114256330322,2.0955670087305918,1.107602107100405
13,0.7230226462186449,0.502492733161333,0.5075350561472904,2.0390028870734147,1.1772699132191935
14,0.9717110817526127,0.9298224999964377,0.9301080300137399,2.175999656791535,1.2410364042785123
15,0.9177584531523646,0.8047957638506283,0.796602757897516,2.379748567845392,1.161850571352924
16,0.784668969985385,0.5696092936985374,0.5614558934935984,3.3353215351272785,1.0689414280189713
17,0.9473199353415181,0.8579517382004888,0.8615260520648362,8.723652767452924,1.1889474705343612
18,0.849798789088308,0.6638903049123754,0.6644977943399761,7.610937626824689,1.0469856480458077
19,0.7290508288502705,0.4988957996232417,0.4995657172819779,6.763715855111802,1.0252913886432435
20,0.8521048577756665,0.6822987553779511,0.6828362797365971,1.6925762666538429,1.3593919532086047
21,0.9182665807726622,0.8055578504516695,0.8050650878399617,10.279568285722226,1.2430082141972898
22,0.8650130099170003,0.7087100363603047,0.7212902805156928,2.7996860477884975,1.1794366209305431
23,0.8349296010686821,0.6497153159168589,0.6592632419819408,3.204060988141961,1.266510220511588
24,0.9313412210944335,0.8355808758858968,0.8376815715436321,11.35004822390764,1.0680845556461358
25,0.8668793206605357,0.7079709732799913,0.7054866457789332,5.410459468218294,1.5198794833135478
26,0.7919836559943476,0.592105081985261,0.5930175667149692,2.229162552586054,1.3931612894431902
27,0.7320412191343034,0.5098342760618473,0.501651181204398,4.022125088177415,1.5554924697749186
28,0.8410785932425573,0.6628097566681758,0.6517966754573091,6.106623544576178,1.0967973694539033
29,0.9400876107177567,0.8535353395365721,0.8507188278925704,4.469060319867928,1.1913387498765737
30,0.8744529603616178,0.7305752872828308,0.7226460291312311,3.8289560722020433,1.1670034278603194
31,0.8881502373174208,0.7379042111854044,0.7360987059549652,1.5580375603753647,1.217447830963005
32,0.9199823795269344,0.8051177057411505,0.8014893396053702,3.452473870811679,1.2226597622565332
33,0.9091966694288215,0.7868697421789416,0.7792522802742795,8.834958489489788,1.071233308685869
34,0.8462015429738582,0.6765289558436707,0.6681934537443136,1.73631928220645,1.0077889210102176
35,0.753915939954182,0.5420689171880344,0.5313685844401053,3.253115095365562,1.3412214863706904
36,0.9165984978592228,0.8011351465140483,0.7915270564374175,4.322730405556409,1.4771328619207469
37,0.8189910131530266,0.6320771510302908,0.6176297076417262,5.2273231399563596,1.4753816459840958
38,0.8034349280823894,0.6068193593972593,0.5940183103828972,1.5498158253593082,1.2497741180635444
39,0.8992220645318645,0.7578316668710737,0.7598920045437351,2.4927334838781023,1.0860999098015227
40,0.924153350056827,0.8096765916015679,0.8118245379847817,2.4899510534124474,1.0611849597275325
41,0.6791788761092856,0.4268872057499365,0.4365788315770099,1.624368352053394,1.0444406034684481
42,0.8559828239170835,0.684561438083241,0.6975170101175799,1.961036169073835,1.3766304258039979
43,0.892857227886135,0.751002457303275,0.7596609203093873,2.710600052681153,1.0753347521615626
44,0.9510263550186705,0.8731829590438919,0.8745884176146176,1.2479033820842396,1.1207372578355514
45,0.9117656399007598,0.7968471665189641,0.7989198128532234,2.1987301504076644,1.5084374713503432
46,0.9155110085871884,0.8080770572469427,0.80938381600227,2.0469276408770294,1.591574714453925
47,0.8060534276464708,0.6159674943034529,0.620015778707287,2.3552214643511706,1.8722477100308168
48,0.7555397252841708,0.5435473154809307,0.536583251870918,5.161753433656185,1.3180476134073806
49,0.7963863870359267,0.598894500144068,0.5949173060068271,2.5245939700604523,1.2613642275937684
50,0.9250902672888172,0.8220262237698239,0.8199340412135395,3.2137791260422666,1.2204084381297844
51,0.8828993254855877,0.7551476687105764,0.7535997732675223,1.781012759631409,1.1934347116556023
52,0.8868490114113069,0.7611876728337118,0.7655598812706969,4.388612115135398,1.1933121531176194
53,0.7426238606885218,0.5350573286610406,0.5383752047820773,4.133103386838943,1.1102943682082944
54,0.860144646667421,0.7056559223209666,0.7095210673513914,1.5442397314329794,1.1161643314381289
55,0.8194791085765298,0.6472433563802324,0.6519559979046687,2.5349462766810986,1.2021409075416316
56,0.8133235308289092,0.6297255720352385,0.6384787816620646,4.537870539569901,1.467211783351537
57,0.843809768117584,0.6829967478962459,0.6783491224766542,2.2192270427386642,1.5483345161274695
58,0.6335930651448597,0.3931128618082414,0.3939187715807749,2.347261318084923,1.1475030616322137
59,0.715720709469184,0.4704414261164237,0.47534993515211876,4.0406528419505845,1.0396497264726625
60,0.7906958030370471,0.5635005994407866,0.5698624965261212,2.4139990251766146,1.155945432332649
61,0.8938283862251002,0.7407356052818447,0.734597822950016,1.789582113807778,1.2148092490906515
62,0.7883238028725469,0.5626884813848273,0.5549106749965148,2.1506708089269884,1.1650782315979409
63,0.8961108899987856,0.7575359943653699,0.7501153622415861,4.748005691915898,1.3197150554406254
64,0.6985105287113331,0.45418991300437406,0.44441821860119557,8.841216602946972,1.0946855943966964
65,0.8658152609539057,0.703637393628006,0.7002156362454229,3.484482933406139,1.2954159427988217
66,0.7364535570681383,0.5124935962028438,0.516680732645746,2.9183635517768174,1.2015249472395984
67,0.6549103984574738,0.412569914476349,0.39026089848233225,3.020864614701764,1.5810609025144193
68,0.9683168854468797,0.9211805712226614,0.9139837527041893,2.3455534421946824,1.2366796188355156
69,0.7348992695269086,0.5009876967536779,0.47484771180339874,3.9343872645516815,1.1273065569990193
70,0.8746647859586018,0.7134746423421925,0.6982994334096254,5.456626910017514,1.0677967767080112
71,0.8139330469059423,0.594178301178365,0.5828690964828582,2.5981906971435893,1.2890905389711762
72,0.9799287679985097,0.9435242318539998,0.9419597470056041,1.5845235460055611,1.119798347137119
73,0.9570432684562662,0.8863674800738541,0.8812932018576705,1.9704972969783658,1.1437603481661733
74,0.9092503763412437,0.7737623194744558,0.7616916286787077,4.2968633415448165,1.4251810714102877
75,0.8205876480802424,0.6165686272034572,0.6045161319665051,2.1250307574650478,1.2460097705723578
76,0.8988506385099638,0.751317601244401,0.7505018536306546,6.48266858595491,1.2857201523017932
77,0.9288046236417842,0.8131718402806275,0.8100731274245968,2.1287438959527707,1.1789592244679084
78,0.8619837908639807,0.6887123473607526,0.6801844475763127,2.538540533771011,1.0852883329962848
79,0.9168207550013362,0.8034966629975673,0.7923155379472167,4.2053367356735665,1.5185691388025309
80,0.9360838118729264,0.8508195811200097,0.8355366313578572,2.9499318309556917,1.2924697685748057
81,0.8762830305947013,0.7262258897790884,0.6973916799587553,1.8439118676906674,1.2393417966712228
82,0.8783354648212794,0.7263591050923227,0.6878854973592686,3.4121948878129813,1.5255658512405255
83,0.8501601693609855,0.6691502505001403,0.6357738905038958,3.973269622718214,1.147402062828915
84,0.8819928096334122,0.7332401643760049,0.706036096030133,4.138907492149676,1.4961337196719509
85,0.9141634086076125,0.8031122297920508,0.7815850929341069,1.9474124230706769,1.537215813692785
86,0.8798453712542293,0.7304909229350469,0.7002518806687161,3.053799254469257,1.201174373260183
87,0.9237507071373816,0.8182207817612303,0.7913291442681842,1.733064343555867,1.1953926174709222
88,0.7345103931842285,0.5018869827916113,0.45249668859274034,8.711842946112332,1.1455328676261596
89,0.7544951481133686,0.5152867013764991,0.46793506394077,4.91447446880267,1.0370076965394763
90,0.676802258841867,0.4378421869517582,0.38629289138309625,2.511438134744562,1.3457811207454609
91,0.7208689815984669,0.4713083310247149,0.422959454811797,3.5937422899137625,1.5220015034719752
92,0.9498187688923004,0.8648057584282519,0.8435943770698369,1.7576518866943027,1.3760818975443523
93,0.7611091957301348,0.5144196539514233,0.48248216648153475,2.170251863500453,1.300600415599511
94,0.6877825827759496,0.41903592071106527,0.3970952926533123,1.808168513110933,1.7501609000942282
95,0.8823574535973008,0.7108371369962658,0.6942074822433354,3.6477965918825097,1.5232624700548987
96,0.8109829930582486,0.5880572098423719,0.5685157124079144,4.17294228191609,1.5844214463269213
97,0.8754452086264495,0.6970963379204794,0.6678736489188487,3.4471518416092097,1.4010320643380538
98,0.9217362009842349,0.7931472353913142,0.7743878267952804,1.95594976181447,1.4409230647923175
99,0.8635100863831132,0.6747003563030803,0.6461970689189711,1.8647849612669694,1.1530578172603403
100,0.7573721969984237,0.5206716863211629,0.4825580022313067,2.578210515830656,1.1723167269317163
101,0.8678896559753718,0.6880177946205758,0.6629923739670596,3.343853865723686,1.0897214367789985
102,0.9212046058668052,0.7993338978995924,0.7890470649801135,1.93272696487067,1.3076263910267867
103,0.9115747944757108,0.7698923060272808,0.7660448617480408,1.947292079657048,1.2317362044339257
104,0.9224942404599635,0.7976616385929421,0.7919913338758339,1.9182015126488172,1.106386813757772
105,0.9179783119140457,0.7833643214203075,0.776519995409394,1.8480454964305466,1.2596342077951792
106,0.8479628429956997,0.6464686659600201,0.6322769505557436,2.9752277448639397,1.1580152290151025
107,0.8832567032596005,0.7150074680550366,0.7042315731856568,2.591029644290374,1.6766041716428255
108,0.8826301081873238,0.7126473323756377,0.7035134198283305,3.1868118904436997,1.4114605987272206
109,0.8634889669332085,0.6854294729210301,0.6667916091132271,2.084698078896085,1.3545569809710767
110,0.800379052494203,0.5808686591184112,0.560463864762969,3.453901944195134,1.3997693327772158
111,0.9091358484768868,0.7708888591525636,0.7609485320789635,4.129918042998463,1.4018914715720714
112,0.7563945706497177,0.49893244330296016,0.4953990279763211,3.7274025704768285,1.201828370985211
113,0.9307972510094252,0.8136264483804043,0.8143804563697465,4.291081075700638,1.4577486739410395
114,0.905588911006176,0.7567130799573382,0.7541503621021604,2.0577252757877798,1.1684117378421266
115,0.696480256447441,0.43444754091672316,0.4231802748338336,2.066666838616257,1.461734638931675
116,0.8205802398047475,0.5960011035465524,0.5868566000564082,2.4571298310530763,1.2371722982548412
117,0.9008455166344627,0.7567540379564129,0.7444057112865574,1.7087986532466066,1.0304349899480947
118,0.9178460661206765,0.794473081539138,0.7836945355491236,1.5481296138460723,1.2516011531147766
119,0.916513159610723,0.784898551231404,0.7754583842514902,4.47884769464011,1.3281393157226873
120,0.8687403786389687,0.6820947937752141,0.6628952100443702,6.733027202575694,1.3934061150332693
121,0.88924628689645,0.7344366037238859,0.7141447940173726,2.7552461666513706,1.0573551829971957
122,0.7680612448708477,0.5339715121004383,0.5137725427213938,3.5053540133931764,1.3730938314749321
123,0.8325279302549133,0.6330285351373505,0.6115116887029142,3.1517327582884076,1.3136881082751024
124,0.7387557882746862,0.49631262438732665,0.47764446960007106,5.58615774116192,1.2815647521110582
125,0.8582406087739105,0.6682918877278303,0.6507260884301772,2.2722655202341273,1.3834313758894572
126,0.9080213772067186,0.7729279892751898,0.7587246951780144,1.787519203576734,1.2462054524366808
127,0.873243730690549,0.6955919572513142,0.6747400016684131,2.3578191192021127,1.0921010136795275
128,0.49466721958136206,0.2511867067982059,0.22913543277358003,2.4030227241896,1.339325348653509
129,0.7973086639589778,0.5703856863758985,0.5335425272351684,2.3697726007796263,1.137747557728571
130,0.8988242776830174,0.7498147721499766,0.7240304004272555,1.651902448032511,1.2276050319724625
131,0.8886387607701508,0.7275136739083545,0.7060043835196154,1.9967794044010525,1.4200746468645782
132,0.8794539334840673,0.7189133812911449,0.6927458371571283,3.5957115307017213,1.5350885259209257
133,0.7534965000099494,0.5162510147596517,0.47838349549283604,1.6199478662213798,1.228028684434019
134,0.8691679287948433,0.695627834808011,0.6697775572212159,1.9982057674758131,1.1149470064453093
135,0.6162263794072291,0.3523477527950808,0.31476386224252406,2.8288368955259853,1.0524236522808792
136,0.6888298543145179,0.42912564102636247,0.39186362689210846,2.383729275469255,1.1064239854943274
137,0.7412593624016138,0.48947079050172854,0.44495749301220744,4.119360635208785,1.9509275518930762
138,0.7972924761240252,0.5758605701515431,0.5271836831397727,3.670882918013838,1.286439481513001
139,0.8811533190998652,0.7072092940545951,0.6594851322445981,2.7585684307651306,1.023881611180251
140,0.9500134240651437,0.8631591734080467,0.8264605509137853,2.633930382342712,1.4427538350341012
141,0.7779180823666187,0.5295782248108338,0.4533990148748102,6.330776664947827,1.5350935412095168
142,0.8107397277168544,0.577132414833211,0.5097606003124693,3.5166679229403814,1.0099038105014653
143,0.8933763530526619,0.725190709844567,0.6623817052275147,2.155969135876219,1.4881269116946578
144,0.8783565718534688,0.6941776023917141,0.6254607539756285,4.704877067967804,1.0736556599374842
145,0.7162549480997691,0.4466500931474947,0.3653002939428378,2.0613333576192447,1.1436060977765736
146,0.8737132432679431,0.6917235918037755,0.618648607519973,3.232331484668704,1.3763276237551323
147,0.8034174587240496,0.5573249267341048,0.47145581456147084,2.2557125367751754,1.4365394325333716
148,0.9175022624898818,0.776236727320449,0.7117800077197137,1.731066349247417,1.1411907051586003
149,0.8037866703222433,0.5731511317704882,0.4955431405711027,2.120379253540819,1.1840015672462345
150,0.7145872485222009,0.4473555330805995,0.3734125559358435,2.7028388452575824,1.4343427778314632
151,0.7737967202873134,0.5474561272631576,0.4684691248653413,6.5462426396000994,1.1462980521299286
152,0.8026834881804249,0.5782138588590894,0.5012693555779358,2.562710129506379,1.5126630414932374
153,0.9574179612139456,0.8865320312154424,0.8562353215976168,2.180258241472632,1.1382960070504604
154,0.8779555607950222,0.7150474488390479,0.6609698012966183,2.1028463453588233,1.4744728701770855
155,0.9098872523245811,0.7772376356640546,0.7254043826387997,4.33465829794481,1.2577524621899556
156,0.9257344905218605,0.8075366825344821,0.7648019562545624,1.461060023518907,1.024785774133614
157,0.8115835309716809,0.583782281346256,0.5240313513398813,2.24794152014699,1.0478761095143434
158,0.8388475578322243,0.6288102488975542,0.5702182508393626,2.58293367797684,1.2977667636227248
159,0.8553492881213574,0.6635375917025023,0.6090834353175648,2.0235809748447293,1.5881837268130319
160,0.970208764878103,0.91751231500131,0.9015328388863098,3.6232937818180653,1.0478091432418837
161,0.8924524048658816,0.7499499683949143,0.7055008867481765,2.83382318933001,1.1343971739267182
162,0.9104876516075682,0.7874993980275131,0.7480075730221295,5.98514941393583,1.0052145640124701
163,0.7803856335852433,0.5719282476539587,0.5135635874762041,2.6989815246689566,1.0848922472447389
164,0.8564818273905102,0.690467687046921,0.647232039919326,2.565406194485054,1.2285301583697885
165,0.9443224151892707,0.8571446326465179,0.8240509976324952,1.9156177289489869,1.5609252790912371
166,0.6054421776378219,0.3337311675257531,0.29005920844559036,2.5255398200398913,1.1457378371679208
167,0.9139858128601203,0.7747592769976285,0.743134193914573,3.00107723528088,1.0758025464994532
168,0.7797689683986255,0.527488797840472,0.4976208812076968,3.0103656201328715,1.1372411025920317
169,0.8758902544712953,0.7023224133661466,0.6868563236332529,2.8715273552326637,1.294767768355989
170,0.7037006309325641,0.4475320249906882,0.4250185754777537,3.6006466819059786,1.4601335615371958
171,0.79280510421298,0.5695967563889139,0.5369074783072891,2.8749504984784333,1.1486335579312448
172,0.9390163229777182,0.8460078096508984,0.8280268838115614,5.010994088405954,1.4605705918942233
173,0.9363076616002984,0.8304620169131838,0.8102846587980792,9.938027044545267,1.1365958944292132
174,0.7744305437013959,0.5364247853492106,0.49995185772341577,4.576655504713539,1.1280115848980683
175,0.937673930828124,0.8385193985875232,0.8184958003425402,1.4166316204324425,1.037251884871261
176,0.9269067833146296,0.8193294948847197,0.797710241075748,1.920603910582889,1.140725808445468
177,0.9000469302759542,0.7565677416162105,0.7222175106112085,2.717349470540182,1.2530411876021106
178,0.8074012000063808,0.5898216622840236,0.5422221865503651,2.331211202702156,1.4972426287840446
179,0.7963589070862849,0.5632294693501176,0.5204343618775179,2.891647715021547,1.2859563957037035
180,0.8794047851822098,0.7047622836925272,0.6712972323399721,3.0836129918739594,1.9260049044608911
181,0.8528940313204345,0.6613861562489278,0.6295659626900046,3.632344105937157,1.5213996109793615
182,0.8114160474243844,0.5875785686821253,0.5532764320415939,2.172110155150345,1.210363371011609
183,0.7619208448533387,0.5162602952928274,0.4974695509403316,2.6557175046726407,1.2032720269548265
184,0.8872011218498184,0.726477179102654,0.705633273524148,1.9240010750386496,1.5304988223570888
185,0.91114403808129,0.77135273310693,0.7523029852205881,2.2981281123762662,1.3039619616122944
186,0.9498762415158754,0.8636770328642353,0.8498397245462017,12.148495731453886,1.4122069725543525
187,0.9377050741833739,0.83713919263677,0.8193872304727653,2.1359305255663448,1.4385040978636
188,0.7705874214617706,0.5366480964256483,0.4968256314638735,2.7255859542324474,1.6480872796251154
189,0.6813735601076484,0.4289796926431051,0.39229233174090045,3.2971183176585654,1.1783104620892089
190,0.9151205400219474,0.7875254297171734,0.7683153546890568,2.4206129279569026,1.1076715468148848
191,0.9881414096136867,0.9647182133085602,0.9625035116219104,1.700012754739834,1.84479837593045
192,0.8918826017471899,0.7357269765195703,0.7239598194702876,2.237779534223502,1.2189007266585288
193,0.880687902358051,0.7112747238481736,0.6996148426411496,2.217431677533531,1.2087880701391498
194,0.8203060607445272,0.6125580739862124,0.6031776945474636,4.690527892226897,1.2062204601571005
195,0.9257819240645936,0.8148695598603809,0.8050959541414726,1.5122822862476835,1.1363131917614597
196,0.8471326502556571,0.6599579682003642,0.6502164182985437,2.8376939479977845,1.2988696763283285
197,0.9059737341264767,0.7730883351064181,0.7663921826135968,2.19224225049375,1.178481802871214
198,0.897644395540186,0.7520944814381967,0.7538330325053219,2.346002071212576,1.5243640267944838
199,0.8171719692274718,0.6022496399532914,0.6090905252354367,2.3134969742809046,1.549263632302824
200,0.8420244914020322,0.6480546258318344,0.6510387793894129,3.1365262912060943,1.3011820698173482
201,0.5687649450500489,0.3018299769402199,0.3059365610617441,5.524371686688026,1.2281724770854785
202,0.9483458448009864,0.8569125344817059,0.862666792063401,11.143268206837726,1.075623568714954
203,0.8043409523487405,0.5801501743630614,0.5824604037137096,3.49010292177615,1.1638397794971227
204,0.8053125041078865,0.5807575888266285,0.5773722257789793,4.205282674237311,1.6356361699001767
205,0.6671011478067527,0.3959017169141644,0.39772987856208697,5.58562702141535,1.2346906845881027
206,0.959985257778529,0.8905996925928925,0.8929021391455094,3.422216384440003,1.2977536214335463
207,0.8699636103906245,0.6949999047404127,0.694317277713647,3.645802877015909,1.0379191821792015
208,0.6217025775976843,0.3608418156798705,0.35421699321022226,5.111735095481284,1.0131185731404175
209,0.9282545970411037,0.8174965479940066,0.8198089265968339,2.187552549306591,1.2101010298549737
210,0.8047993291090695,0.579805378534251,0.5866063552093471,2.8215405737310335,1.4566935000286145
211,0.9150135084183405,0.7823343386787619,0.7987188099379727,4.5014298960858845,1.5696139838070144
212,0.8799550668771039,0.7057661181963112,0.7249762513737608,2.176224157180078,1.0047706942711125
213,0.9512355750440206,0.8684567684671173,0.8808707259900871,3.760503461450223,1.2603725229402225
214,0.6324288154262503,0.37585982952626296,0.39984988294257584,2.191977165906312,1.4296139736881628
215,0.9181540951936301,0.7951078605715183,0.8172573438435897,2.2617870740709947,1.742275820419552
216,0.8583130976475289,0.6718442693990495,0.7091736435587577,2.8683502823040654,1.5075947823677314
217,0.9135005512947602,0.7802196655967655,0.7990006274260781,2.3247472521786245,1.5388763139509134
218,0.8425040823909098,0.6393214566363441,0.6614099349019983,1.4672724113467122,1.2239941336840683
219,0.8654560291302584,0.683138382026807,0.7011441031434362,3.484676744748944,1.2406918881678357
220,0.8252975301957953,0.6135802536253531,0.6238849222089196,3.016676391408568,1.5964096465338606
221,0.8285133659222865,0.6178162229361923,0.6260586433833969,3.7099021193016934,1.5523385439127064
222,0.8422874284822162,0.6383819157663579,0.6421302752283671,3.3224874906408726,1.0826787102338224
223,0.8633680710100848,0.67040192740238,0.6792137194918634,2.7096733444430594,1.1778145018565613
224,0.9166810131953913,0.7764572190326541,0.7770830517298646,3.073779481754938,1.183609424998188
225,0.8974768838990583,0.7423088362850113,0.7537356742882229,3.207185417629067,1.4056957680447069
226,0.8783504547796169,0.7190163175229589,0.7318913322690442,4.516390786760395,1.4126772565567323
227,0.9381210211958304,0.8366874414070145,0.846882074699687,9.316277512654,1.1517118711149519
228,0.8772985725159178,0.7097828313525186,0.725819298798046,1.9554451875993524,1.340544755891387
229,0.7292791638885874,0.48551385805978037,0.4916935471687698,2.0626804266206133,1.3776325615155254
230,0.6887241036595707,0.44560591218320633,0.4526415112085917,2.8278077786941127,1.3696946397544947
231,0.9126889500793121,0.7939766279209661,0.806506847184848,2.1147672286114783,1.2589650904169152
232,0.8473026289200266,0.6664103369672274,0.6905245589365477,2.52507568070627,1.1843657972917776
233,0.8663544964718963,0.7056144046450626,0.728931723818016,1.6968502457205872,1.0038583258206342
234,0.8754346642021784,0.7088044355402561,0.7318190203638292,2.862225013421826,1.0631170921292996
235,0.8861387478263375,0.7262642341962823,0.7427709815910215,3.214960137225804,1.2397926984931953
236,0.8838170622170042,0.7261571082641609,0.748742263177551,4.9255040071192955,1.7350383910627214
237,0.9423382677077995,0.8444425793331254,0.8550298673578952,2.7306834562765583,1.548565327609969
238,0.8252115148600523,0.6115939083369794,0.6245405701741299,2.385849250555196,1.1202914948675962
239,0.8111311097580647,0.5920622395620753,0.6161420167030546,1.8980582170933957,1.1663007350508197
240,0.7956351779675724,0.5693521435572165,0.6034658285516445,3.439583893549114,1.010082119545848
241,0.9683623263259957,0.9131141259694111,0.9207467923585753,2.9459199421253897,1.1048898312290607
242,0.9466837075463542,0.8583718692446146,0.8722948317020282,2.3021554888330518,1.3469592464795173
243,0.9305865438795208,0.8195329337205777,0.8362953868012684,2.491559935142547,1.4058616775485069
244,0.9207074001997739,0.7971507715487038,0.8137233764848438,2.07214892190434,1.7542088093831811
245,0.9859677317663184,0.95868608283864,0.9628278234086498,2.222396449089471,1.1871495711696276
246,0.8520411350199866,0.6644496743083398,0.6787419757484707,5.145240078274654,1.4417460656604053
247,0.6810001946940072,0.4357281706404959,0.44965780731605975,8.001896238754577,1.4340893174766465
248,0.8352118442116071,0.6524918756087174,0.6705754064633143,1.6524681582034677,1.028044287670509
249,0.9081825404464456,0.7763301359151793,0.7964736755910696,3.5745698098301175,1.2872563002155715
250,0.8136878269705153,0.604880872537459,0.6316223588264062,2.3243956605019935,1.3688136313309065
251,0.9560204850636103,0.8806519158480185,0.8887650917249179,4.305183824128307,1.3920638413162671
252,0.8458117477079558,0.649133758749824,0.6631555138834629,1.9490539184334434,1.1469283358472053
253,0.8184716675443097,0.6022909838845275,0.6266065326829373,2.658066152470118,1.0974754906911106
254,0.8300143568871468,0.6291470204587761,0.6506090485296465,3.5080838170054744,1.352401545535093
255,0.774066300974914,0.5248812717300806,0.5497145855589938,2.117155339237136,1.1151731151373279
256,0.9200226121075602,0.7916863688190566,0.8067026128565188,2.113260359386725,1.219360403657662
257,0.8166448618112307,0.5978450141852893,0.6129065554336101,3.4988368790011055,1.1090960970040684
258,0.5204643775660222,0.2641850749610579,0.2741715629638856,2.722223409656976,1.1147186474437998
259,0.3745926089397091,0.1639917619915335,0.16778972871714476,2.5103656883044905,1.4958080470184623
260,0.8110101818668931,0.5885331399098922,0.5864304504693354,1.942956083885084,1.291698820568406
261,0.931883121162801,0.8158436354634525,0.8153860715933129,3.1657886701484776,1.3499387783083916
262,0.8791694949087016,0.7055170870656424,0.7076573508502523,3.5918675248775287,1.1793428941394035
263,0.8750121373154919,0.7026364860113119,0.7090510274560005,3.525479318512795,1.2549929520532461
264,0.7676768623713162,0.5197098741607066,0.5148018194459125,2.19146040558255,1.200706413003468
265,0.8911222711637816,0.736193597257327,0.7405450947348882,2.095839461058744,1.1103501580952722
266,0.701871523397144,0.4485998833815004,0.4623720724946296,2.9586157482555615,1.25364269171062
267,0.8162869938834847,0.6133316708615094,0.6355280773295564,3.6161331997180217,1.057255130091854
268,0.8264191387744297,0.6245632875004817,0.644527409562583,1.8848246237619033,1.3422426682729796
269,0.9562508867795226,0.8827690200743511,0.8903900644522457,1.8800211863649035,1.4087967093048763
270,0.8548105326992835,0.6705973552014043,0.6899287429961944,9.559289069545436,1.3356043353518703
271,0.8760493815142595,0.7132983719850442,0.7269346322114552,2.225589874450912,1.192783659945034
272,0.8845877284340509,0.7285610798991808,0.7468477439060845,2.451730723860335,1.155642675437388
273,0.9229299939587958,0.8075794487319584,0.8189005920378677,2.002117191391168,1.1938085716375992
274,0.8409191875468186,0.6462430430081336,0.6691739285674384,2.0672631016549228,1.3924417567766358
275,0.8183356138706277,0.6086802979571939,0.6346020668810811,2.1640540180876555,1.089419092621966
276,0.8653578634222618,0.6770821125909233,0.7013387328246794,1.9735386060593691,1.0848490986554686
277,0.9392672985590401,0.8339326242097108,0.8486221868927294,2.5830365114237965,1.0939156400148984
278,0.9257179926879799,0.798143899406355,0.8148599193184808,5.9796459408221825,1.0203277365341514
279,0.8650199180989683,0.6684407190070205,0.6873118704967821,4.884517179410607,1.5307941375499214
280,0.8108001243508974,0.584365056071824,0.5886836379345756,1.8225081237036413,1.5393650168435322
281,0.8202917362649674,0.6020787682834168,0.6022836647725719,4.225499084360225,1.2891483560922619
282,0.9605706926326347,0.8912466186790825,0.8911261579480912,2.978123193674719,1.1231092095713755
283,0.8399483313148873,0.6494460079482787,0.6496077892097674,2.915039575643277,1.559469417964056
284,0.880025341429815,0.7145492379476879,0.711012263415251,3.0554855439686066,1.269552628922486
285,0.6822794961674132,0.42342817248424564,0.4305766592448458,2.3757047011767516,1.0530646977499536
286,0.874169377031248,0.7021545511649796,0.7051020639473499,1.7697728551855454,1.3338857089421539
287,0.8863206017159989,0.7217820751723841,0.7256684259521298,3.3323635365669686,1.2796018922429258
288,0.5356729842662413,0.27965312663296094,0.2765558973181186,2.960057166121723,1.090331069416016
289,0.8863027469730689,0.7273850696065273,0.7220600569586093,10.656895190563116,1.0857759667008033
290,0.8103939272623151,0.5929994076572283,0.5783928338679515,2.0325925263506397,1.0556998240350652
291,0.949805874243565,0.8737480500755721,0.8659298278220583,2.0112081388831866,1.1628063665657358
292,0.928348369034119,0.827688152981692,0.8186545517440065,2.207188730911674,1.301833205862752
293,0.8512602323294914,0.6747391611804315,0.6605195671125638,4.515626895005609,1.1650648553098937
294,0.8770705943050918,0.7157736924570651,0.7052627707107949,2.1040547362971918,1.0638738582299985
295,0.8147969646169381,0.610223836485172,0.6028681641799196,3.7765555495150895,1.2442588460863084
296,0.8945123458348386,0.7454233205510381,0.7414384520569134,1.8978109293308913,1.102585423106305
297,0.7236415070341211,0.4761365069774384,0.4741703765211926,1.8346543817784515,1.1146082616792172
298,0.9261811290931979,0.8141273478642718,0.8171494417838157,2.8387949084805193,1.2536168612933731
299,0.9200884632505079,0.8017280135994118,0.8093246661708446,1.7322501696705743,1.0373514377952169
300,0.8662596622575787,0.6828357722077326,0.6956962697929625,2.2304072278636617,1.1239884816431358
301,0.9342960912739439,0.8265137049122527,0.8357123747779741,2.6509190053364247,1.3762718632603776
302,0.8207612690642245,0.6058449976902739,0.6079138276266283,2.5735903251796497,1.0708283439480724
303,0.9324511940919968,0.8224131829245821,0.8270007193345171,2.0214665859914596,1.151380862946965
304,0.9654768170871988,0.9053729055206842,0.9079754466647898,1.6566870329721983,1.3302308638855267
305,0.9526537395675291,0.8727225705793288,0.877035520334804,2.5023589620464404,1.1633004056295868
306,0.8990562468884048,0.7496288252842751,0.7515225317283297,3.0363782382440516,1.0935854860302807
307,0.9572022312673062,0.8775514983202168,0.8768799618920087,1.9918979444516152,1.1945049484042873
308,0.9000443069042903,0.7490830090316576,0.7539779832285101,1.7693440283192263,1.1067691310063923
309,0.6853361929991619,0.42236359948319896,0.444741155661202,5.91658365999052,1.0146764421493277
310,0.9001034756346323,0.7536313166335886,0.7715289834891303,2.012832002268761,1.096915082504116
311,0.948771325602852,0.8567890099573331,0.8718533169633126,4.020654599004945,1.0373905898348659
312,0.7126972583691012,0.44164571604451497,0.475535505417651,2.941745265246436,1.0095545534132335
313,0.7932486268160726,0.5476829624174494,0.57616097902734,1.751970131145164,1.347670252560866
314,0.7641540394465062,0.5108685203422867,0.5506119211284953,4.412830834942987,1.0290758634529102
315,0.9099710334443746,0.7721215437834996,0.7985364902805195,2.2776970186877135,1.0610692775796111
316,0.9415275898717521,0.8458690869259713,0.8653155112363264,2.809457627021187,1.3925408734972773
317,0.8203330814445,0.6014123574862231,0.6432067416014948,1.7225648169067111,1.0793924758395046
318,0.9170338526254163,0.7857459934035317,0.8138511594820125,6.99537992826887,1.1690252754509767
319,0.9254845466934597,0.8053916752912192,0.827312611159141,2.2027088355685485,1.4902491504589326
320,0.9326895676658693,0.8181223465853744,0.8387251657216986,3.017932999299804,1.4117206297213445
321,0.8127876222743354,0.5963743405367942,0.6218043675672509,5.01977789573827,1.0584541305359545
322,0.8380883758863322,0.6321940946220284,0.655798718351458,2.898026586004043,1.1667764047326863
323,0.9501457901424343,0.8649472388055846,0.8721971834888772,2.0676221460251165,1.8173292733307926
324,0.8407521991506517,0.6413347641426507,0.6560310994404113,2.8774326670146215,1.2813858883017621
325,0.8619956571901618,0.6812937933075065,0.6928410826969846,3.3952968519491318,1.1813618295798443
326,0.9229524388934395,0.7974405869091465,0.8015162236566413,1.699998619976096,1.6005869714528538
327,0.763431337807521,0.5125170562106485,0.524851437716723,2.1410877149329317,1.1962500019387168
328,0.6500525254719486,0.37641656426561354,0.3892057937832249,5.270899714790392,1.0331829123414595
329,0.8717072173759282,0.6924452994451691,0.7070241017870159,3.7298084484198997,1.2720537602531103
330,0.7551063380046932,0.5189902622321593,0.5332095821934947,1.3908582463682688,1.179309235662658
331,0.8688298059442531,0.692935929644536,0.7054228761996352,3.5936518203302534,1.777942867583382
332,0.6845470368631064,0.4197586498451451,0.426944154372377,1.8730630542081521,1.2906431459959324
333,0.8712132105531548,0.7026615254360301,0.7155392213849316,2.050649459934164,1.2242187670666962
334,0.808461978796409,0.5896146294638392,0.6042801169249937,2.361443755497967,1.2654370003841027
335,0.8289006137948868,0.6092552859144086,0.6269724163697118,6.643645409475635,1.430833409843109
336,0.9790668321139745,0.939667780022216,0.9452132378249232,2.0835459592196766,1.0659993803463863
337,0.8465635037294822,0.6499471305969928,0.6661825104617373,2.2092312242246233,1.1808286853751406
338,0.8542838298915854,0.6688378937945063,0.686958334795591,3.6183471934821143,1.1779261341200993
339,0.7760853286518327,0.5451033354670783,0.5641562129012477,1.6256413250362332,1.067629808963665
340,0.8634072581951108,0.6906610700457368,0.701905477166531,2.2661958391900154,1.3588929278192847
341,0.960681675666755,0.8946519779726994,0.8989990360674706,2.592877146733817,1.5378204968739202
342,0.8798025703681868,0.7107028116207014,0.7206806598329859,1.9269461103377021,1.412326500275355
343,0.8196796703675887,0.6180117794579875,0.6387302223846539,2.2172421797696256,1.2551540330551587
344,0.7399082344808919,0.5099042038391423,0.5272683787935702,10.177085849884447,1.6224096372722847
345,0.6613840770375106,0.4028070231129162,0.43597612190683177,3.7101432205856573,1.4252864524572022
346,0.8994156815927041,0.7690608301300422,0.7867709322367935,3.3880331614426398,1.4198845586496096
347,0.882592977898696,0.7394358432665185,0.759180457390002,3.665061710669445,1.340135292783944
348,0.9327536805355636,0.8331353927756133,0.8445775686018855,1.8825470364236698,1.6115143548803887
349,0.9525228685564084,0.8769895064873356,0.8855195265635786,1.9313634117879324,1.4777749944357637
350,0.9033362264097717,0.7677194922121341,0.7791533939148653,6.00601318892272,1.238589882977466
351,0.692055837246871,0.43560312355450725,0.45798739407232686,1.6003622836092812,1.2234135950515417
352,0.7903261447375937,0.5557418030230763,0.586264008687575,1.5617330417440372,1.1350499865244432
353,0.9594551974054629,0.8890383308105844,0.8985170915422406,1.371264404489716,1.0891414983853038
354,0.8979766333819081,0.753634821857648,0.7744468395142255,2.596418914301778,1.143714833647176
355,0.85114596005214,0.6726269037751178,0.6980281612950113,2.861268791062484,1.0352432133531375
356,0.967427930771718,0.9118798944545955,0.9165143370967826,2.089303883120186,1.1220583551391194
357,0.9279903598837954,0.8186157461036481,0.8259973661814355,2.094762958836905,1.0957680584601093
358,0.9026642663283871,0.7594679032856412,0.7794445893517291,3.4139081455983646,1.6022057125856857
359,0.8007575776948741,0.5841748479102736,0.6133522286773977,2.4463700224228804,1.1483973952494606
360,0.9022199941749164,0.7518747704818135,0.7850057051491008,1.9423984512776384,1.611926384150108
361,0.9496944228047484,0.8646216751497205,0.882241081586587,1.592359631934808,1.2326610447749016
362,0.8619720029455782,0.6757867045041639,0.7010787410108177,2.4613194049238567,1.0747860144622017
363,0.935166733785369,0.8339762398933868,0.8492002543706872,1.3490280522417546,1.3703887843024303
364,0.8341941000781876,0.6330660380866279,0.6471233311078446,2.545010431856695,1.5244702224180326
365,0.9208362250862907,0.795214301664341,0.7966685823501529,3.2969284586513896,1.6133909366845738
366,0.7853494374216453,0.555565557771034,0.5720266241615868,2.618191402508379,1.2702291885426276
367,0.635906174765815,0.3802362281955703,0.4059080360725672,2.5215330739630284,1.2773485274240854
368,0.9438840559252851,0.8551280592301622,0.8638651132786634,1.7338830233684726,1.0465919862427187
369,0.9178041207375499,0.8071201978557164,0.8216613482008164,8.67254097097327,1.3053050038174996
370,0.8350832076368719,0.6483380781151383,0.6681691531754202,3.591859838587587,1.1742953473677378
371,0.9431214823894263,0.8556686880904266,0.8642320656239498,3.6177272901408912,1.4136581787634372
372,0.8480062098602231,0.6682342785199596,0.6866380512974319,2.332953797238408,1.0949828424216892
373,0.8527077087107308,0.674029093681496,0.676308151776264,4.450123657227686,1.1526971748401222
374,0.7481695604139004,0.5256179426379218,0.5319229033907549,2.7397599370156818,1.3899944831049456
375,0.7951411123078305,0.5959701680039138,0.6013167749858038,4.097035172780382,1.56074893290549
376,0.7322468264798487,0.5068569634918011,0.5210605474446631,5.695627708437098,1.174754697716637
377,0.8638354558626097,0.7040041470344567,0.7078097189544162,2.690819599753879,1.5626262143566503
378,0.8938350239099172,0.7482986980923435,0.760411854511936,13.899068903147382,1.548624813506331
379,0.845265433821652,0.6535538204790563,0.6717007048649613,6.130447446418351,1.2597851130731157
380,0.7315814374337297,0.4913261315192654,0.5068417918036031,2.429004949122134,1.4613125908627234
381,0.608886586476163,0.35882023327328344,0.368897782258303,7.508825141493049,1.3914937512210552
382,0.6870010346345052,0.4414338502784429,0.4491296796590269,2.8401300987546896,1.163307085298555
383,0.9238432638004122,0.8157238966637406,0.8224934456182611,2.9084456547804516,1.3128614580642843
384,0.8472446089446579,0.6551497005077348,0.6616763215028965,4.229589993545024,1.1780768248058284
385,0.8957910512590652,0.757721401281269,0.7560937323032251,1.9054660258074516,1.2634050288635859
386,0.791345558711678,0.576888297002054,0.5658539524419675,3.3515867169490026,1.001426768799483
387,0.8919788638499634,0.745583358695219,0.7409615676222917,1.877239166525481,1.1746841942989856
388,0.9328886228180912,0.8320262855690186,0.8266907080494771,2.5646347098842055,1.4398263573592993
389,0.7849543616623891,0.5676806265931846,0.5497463466291558,1.8305070363088634,1.4835718051510747
390,0.8599542054207623,0.6729071775552613,0.6552782912459534,2.030274357151533,1.2241568010823913
391,0.9438583685945969,0.8565357541155647,0.8483229767093686,5.47092461028458,1.0529037935362615
392,0.9339050808505825,0.8358340439913412,0.8300781716578087,2.773466879906209,1.2497583887772474
393,0.8102288247458528,0.6068070043927801,0.6057092830986349,2.9664231824039557,1.0815956837942657
394,0.8874064184969235,0.7400449769282558,0.7404280042731165,1.9135664249172777,1.0254552418948688
395,0.6975653520697576,0.45286055805229447,0.44127733877672837,2.7798829305334474,1.2986124356304591
396,0.6712760232185643,0.42460005586002697,0.42471175449204646,3.696823207431726,1.3621947682832092
397,0.9043673563848315,0.7760038421327604,0.7763194517274186,2.4852760134775664,1.2936200095586767
398,0.9398720203313339,0.8558962774883823,0.8540394808641056,2.4581754691617297,1.5945711546884165
399,0.757667275296299,0.5377711790817518,0.5238027099422977,1.780423920719971,1.212857421419034
400,0.7789429366985412,0.5636202773581439,0.5543143302759058,6.165223010636892,1.259083192179331
401,0.9205037415440704,0.8096398101294463,0.7997993365557103,2.229340151709353,1.119293703858475
402,0.8372509108663271,0.6551326812341349,0.6319546423231421,1.7935670965955701,1.6593908150215986
403,0.9224330970539187,0.8127502235387101,0.7927251065313852,2.5328974095508565,1.051167271234887
404,0.9437930798589244,0.8637555003740764,0.8428467662530745,2.4082030885275816,1.2941412040820006
405,0.8843385178224784,0.7335065931427902,0.7012423401166646,3.103744403010801,1.2138958009725465
406,0.8949631365819348,0.7505001285180654,0.7218477629053939,5.904826581070234,1.2429153355245794
407,0.6821007390140864,0.44093094915758313,0.40666783034943044,1.2636754150220897,1.1057408214631492
408,0.7799985949142173,0.5713404991621165,0.5420656477488727,4.644920452823749,1.4036841295985423
409,0.8854349342283883,0.7559566908501294,0.7305844676775588,2.466831400718082,1.2784468351558818
410,0.8815383905660525,0.7341154109439393,0.7153442432777614,2.46262436032735,1.2459725121918954
411,0.8741880498582641,0.7107169710981492,0.697602120727957,16.16006753281689,1.4573059000850883
412,0.7919384859886964,0.5651748458953803,0.5587224875451607,3.5439887293089463,1.3782282922298976
413,0.8473134852564396,0.6682790865781009,0.6572754495060614,2.5564306274663444,1.4288266274304076
414,0.8158124195023813,0.6176744679924565,0.6093696880443066,2.7861332979596156,1.587791532357125
415,0.812334131910671,0.6190202109507265,0.6128257731112067,3.3914639924687533,1.5426795428647133
416,0.8529096054672021,0.6678768313609053,0.6761063718356332,1.9070593655594632,1.3072307880165752
417,0.9388474666891283,0.8348703147713211,0.8428926414565376,2.536164806859672,1.4637923565919142
418,0.8351039296191035,0.629060090490546,0.6426822004005378,2.3414265627182145,1.5525265669127715
419,0.648058855865293,0.39015003319813063,0.4108371498007793,10.693588370935196,1.7794286547761935
420,0.8796116935297307,0.7147309021908194,0.7297052372190251,2.3663802581140807,1.6012991290519025
421,0.9055009529162659,0.775832770182006,0.7798944047480137,2.1120351530287715,1.1869032555532708
422,0.861602087088405,0.6964322636250474,0.6975976514714164,9.963088374190342,1.3748323061613508
423,0.9203714239933712,0.8125616528254364,0.8171870054449968,3.1688732053954065,1.0585718231388526
424,0.6432458374893397,0.3966350328787646,0.40026972001200184,13.877785388550269,1.0516282014640863
425,0.8207391926274181,0.630494846078802,0.6358068815092303,10.646249435236959,1.5983614369303694
426,0.7703294803281663,0.5615839265297118,0.5627789115977222,3.731874007187615,1.5150514791778786
427,0.9183767722414605,0.8076515567655046,0.8139570271147025,2.381326575534453,1.0968388203284096
428,0.753965676377036,0.5377735581054244,0.5470074692239654,2.6392620010449646,1.013601845972743
429,0.7947273090693232,0.5961437997834528,0.5877687027680016,3.4162554220679286,1.2192488035556062
430,0.8645922706363249,0.7075632249396628,0.6980803380749371,2.8993371126085146,1.4220378690015227
431,0.8587336676100488,0.6904731570239241,0.6895044065531605,3.2483750423224254,1.1143026342999791
432,0.632159497744173,0.3850873285920595,0.37936978055737064,5.379342267426306,1.127291258243918
433,0.8361836613251503,0.6519217258597471,0.6545776711505489,2.2325093195082775,1.4859102655845975
434,0.8904129897901593,0.7478908584744385,0.7423279704831792,4.045470362703961,1.2866697446894426
435,0.38972483105247585,0.19244751987810774,0.18835915508664108,2.44004047412095,1.4948635807585653
436,0.7544219386949116,0.5210299898123147,0.5097487918752643,6.5804079802274105,1.0027654006432956
437,0.8619830870585442,0.6912108150957453,0.6887433632082681,1.9783762398093685,1.5867871963797504
438,0.9589941958953792,0.8940675353097086,0.891157243183412,2.251408013713528,1.0693137291220878
439,0.9205610086358078,0.8088963034118402,0.8094826086610286,7.803353445494777,1.6950416406918598
440,0.9570314649069336,0.8895455388069764,0.8917011676058335,1.7516914127527303,1.489314505904611
441,0.7104204889256865,0.4594926429900321,0.4570295312288875,2.572863869391011,1.143977644911653
442,0.6419672693741159,0.39054122873888736,0.3747660436817781,3.5991902062390726,1.4481920823609515
443,0.8264808480113374,0.6404252931771088,0.6276087693620949,3.5128590727625557,1.0731947791271974
444,0.8103966551582767,0.6066717244869411,0.5975331225106105,5.1204033698311475,1.210314855144957
445,0.9462171566563224,0.864297849841212,0.863505281826055,2.525860897716907,1.803369651833216
446,0.9358654197130912,0.8394444629656869,0.8414923331302949,1.4266146011539698,1.155117505672843
447,0.8372575122695133,0.6405526187452084,0.6462282969783805,2.3078304738492825,1.4488887859195936
448,0.849749028723591,0.6672688134464579,0.6633152228538385,1.7177211475125498,1.0595002278709038
449,0.7732157390049719,0.5477311834058395,0.5555137434365186,3.843828681935725,1.9778204289262122
450,0.8452590967723795,0.6744438446266541,0.6739304154061636,2.0871331356586955,1.3109367865782897
451,0.9204181245299502,0.8124262362695309,0.8120953237861448,2.4676691104384196,1.2908977404656592
452,0.8693330502428595,0.7119710225273741,0.7080946895492854,2.6022196508844813,1.2538004282978679
453,0.8530930204652973,0.6806015604121192,0.6927781245582204,1.6054603817286701,1.2097294943491335
454,0.8963556920913629,0.7774420448217528,0.792656996566109,2.9844232296873594,1.2441522668541214
455,0.8468278464150222,0.6743276323818851,0.6961769811563856,2.208519560148967,1.5260866076782773
456,0.7739863601557321,0.5700280176342324,0.580441181386508,2.1835094201560556,1.0080406242407587
457,0.8657002081763905,0.711056670174616,0.7299667859198813,1.928578227941728,1.6882915828406522
458,0.8042555129818565,0.6049454223660856,0.6277627870083304,1.9070690682223967,1.0304916785294704
459,0.8962068544217353,0.7578817866348403,0.7732168753337009,2.28186229901237,1.2691662579499952
460,0.9204458710604526,0.807198908460412,0.8202993622611711,1.9408670355880517,1.166954868632217
461,0.8977042077272024,0.7726939247753674,0.785425595366539,3.6563100448409767,1.0505492503203104
462,0.7842585624398597,0.578797982695727,0.5981490702355361,2.30975781122033,1.0538726808681327
463,0.7778641701433162,0.5766473949349952,0.603738507357416,1.8910163901912551,1.339130475713733
464,0.7910521338619034,0.5810611799120421,0.5938140635401455,2.318623429947958,1.8316151210350768
465,0.7964986104259225,0.5735136846850464,0.5846832701196015,3.5784513744701654,1.3239998358116023
466,0.727560558762632,0.4779602901585612,0.4807483760865404,9.929790127532799,1.5249506487240423
467,0.9392804904905693,0.8413748198953713,0.844895745405175,3.5096410518671703,1.22374676758242
468,0.7362600093294468,0.5043229970205596,0.5112816097282037,1.801130714697685,1.2281137363671883
469,0.9055223685195692,0.7909962937108729,0.7993774124742214,9.579764817099141,1.4262697540532394
470,0.9188909877816525,0.8127851502021605,0.8232911550573322,1.6730409871539411,1.2015668088194553
471,0.764111307996313,0.5612305020099325,0.5866976384081349,2.180575795409019,1.212781566806282
472,0.7973009310736625,0.6021406925927155,0.6307119192335864,1.8977044138652357,1.0408616558124826
473,0.8993150741154978,0.7758958095305997,0.8059285875931147,3.381059052239141,1.2230736079603342
474,0.6415911398753272,0.41618831294332387,0.46333839570941854,3.9047216272612846,1.2602123859543053
475,0.8432377669803047,0.6826906727631266,0.7227447191556693,2.027763585213683,1.0971643610050208
476,0.7987066405806018,0.598497338872119,0.6364078188961517,5.086098716016354,1.5963281741187674
477,0.4878226289576396,0.25756712755365085,0.29597265743448214,2.3876366310108503,1.7483441758937044
478,0.8741901755316855,0.7231755113375445,0.7536781091454235,3.691030881411442,1.326219720407471
479,0.7828783310612839,0.5655585701170214,0.6082966621991197,2.434073717677694,1.261247731708038
480,0.8908690571589065,0.7351823468302295,0.7645993874757174,1.8570187162211869,1.1901878997002155
481,0.9307567959163594,0.827126209423644,0.8443660560020533,1.2329855224941775,1.178625133068511
482,0.7936052577343534,0.5861542610481582,0.6075331966052783,2.3975091558319974,1.3870090457359674
483,0.816198016816782,0.6120812516097831,0.6334601185481032,7.61613960627094,1.4462128272019055
484,0.8261397960791154,0.6359300355282534,0.6547129181297321,1.4336590627278902,1.1419016066325058
485,0.7262375949274188,0.4931774156046721,0.514703497044164,2.569500787434054,1.0706673064519028
486,0.8511635024583118,0.6742267844996689,0.6993672906181203,3.5510785995595318,1.0935554663880818
487,0.9124067845097978,0.7941409725230761,0.8104445589190504,2.9605815806377915,1.2849641523706927
488,0.9567350165086257,0.8957066926112711,0.9053459314531012,1.9874901209097102,1.1598521439054943
489,0.8830551925864739,0.7531324181741688,0.7718040363975207,2.2463189398387624,1.2261644699901588
490,0.6647468849888727,0.4454235997124381,0.4731363234171214,2.514944183080985,1.0286300636538566
491,0.6484740027381137,0.4132504104746307,0.43576417724004357,2.3092085930304784,1.1244708900435407
492,0.8930983340968219,0.7522074705987515,0.7642637037412758,3.5249685238220194,1.2973916443492233
493,0.8508452438337393,0.6711716782675863,0.680744096502287,2.337380139918879,1.1403449091135307
494,0.6843447607745888,0.44034335624954735,0.45892515829891145,10.242028541179218,1.0436889501665019
495,0.6731912771198367,0.4267293169479154,0.4410155836529488,3.0377616238712086,1.256598432227211
496,0.8446956417309385,0.6674608451227085,0.6803342981605672,2.6684095908704997,1.3383305841602837
497,0.8870886705215354,0.7327768479104565,0.7424419034875993,6.252783340433114,1.3128421368901677
498,0.75107218542524,0.5256941062761561,0.544196170644661,2.43473642206501,1.2595262644369405
499,0.9177589938071934,0.7942024490353103,0.8035505013999809,4.418412071489986,1.6312514814867882
500,0.8391192970554311,0.6504172869919368,0.6580414299672617,2.58101755157014,1.3756987781491297
501,0.954940752314375,0.8840991609539685,0.8893410873838007,1.4278720942743244,1.176208592551937
502,0.7823255920954101,0.558800746269013,0.5613199539215498,2.2871463846690707,1.2703573593957813
503,0.9434581480756199,0.8488999298103643,0.8468572029229041,5.447535593104018,1.253287459043978
504,0.7996822084931575,0.5712560553385897,0.5616782496994627,6.207182138616661,1.1149306930297733
505,0.8571890653672518,0.6553267289814296,0.650327013413663,1.8477826007210385,1.1909735183912213
506,0.6796900485412767,0.4103815783708254,0.4112455035810026,2.848035126553196,1.25500846402385
507,0.88725530899935,0.7280387292628256,0.7175234837520517,2.1499736115240613,1.7317588552824938
508,0.9838997330502258,0.9508800523839889,0.9471744802673074,1.9614309110496015,1.927953768797451
509,0.842146074197386,0.6338548004264306,0.6172445778495123,5.0308783489413,1.2777774938209907
510,0.9539150053958269,0.8733244259488709,0.8616040851764641,3.4327577018308277,1.714918036355269
511,0.8435871405798283,0.6400269153945689,0.610701277052586,2.7411304091750868,1.668039193152306
512,0.7812684630484608,0.5395628994201837,0.5078316769135834,3.427621264562448,1.279304618033056
513,0.9313442118859696,0.8201078064088506,0.8056982789930058,2.667348085274613,1.2653786824190127
514,0.9565351375004983,0.8809557190230909,0.8716052589512272,1.898290467894261,1.1318200813220762
515,0.9227878257972524,0.8018692813100972,0.7943178476393231,3.9590084997423567,1.290534455695462
516,0.8574130548884986,0.6702488975642769,0.6521360610844438,2.6111944053274643,1.4449171561337557
517,0.8906638213657857,0.7242752404800559,0.7104861229509725,4.500826726832086,1.4341467649688373
518,0.7652166348958889,0.5137239680060784,0.4947084817624508,3.0470004911189794,1.3297049803498093
519,0.9010311256190632,0.7517218055576252,0.7479575518658738,2.4126554346722138,1.2382018570895303
520,0.8831400446499443,0.7146592312893434,0.7182782417742376,2.0849124346192602,2.054590205722441
521,0.7735594295181875,0.5350023043529714,0.5342541545878152,3.8641123240168156,1.4202934693676048
522,0.7504206360946295,0.4963354533590399,0.5004199137019621,2.3512584782378685,1.5125170897016262
523,0.7567244062813723,0.513828555706645,0.4981967608253942,2.1339673293476644,1.0904684320747453
524,0.9365908938793822,0.835500455440708,0.8255147410437932,3.9590337626252645,1.656707369490448
525,0.795365320309369,0.5685447833449354,0.549773424035963,5.828535225483713,1.790938202406974
526,0.8468899394410284,0.6469053936115523,0.6224807509301312,3.4811726258006406,1.4583114707096032
527,0.8711866514642216,0.6862813319480447,0.6581291529633642,2.464418074819085,1.114255401647636
528,0.9583512724502592,0.8800397983814494,0.8673237418605733,2.760065140524189,1.0516656829383233
529,0.8637395433065802,0.6643021517294976,0.637538293733681,4.867257622026155,1.5132880103612936
530,0.7147515608367061,0.4381876053538493,0.41616575829651764,2.2406575883277986,1.0466643752672804
531,0.8415688590088863,0.6264650988194082,0.6040622410332689,2.519363325307938,1.0278403953714415
532,0.8808676728160793,0.6918697948514976,0.6767545963792033,3.1393213610857154,1.113988854441727
533,0.9854733628088539,0.9563042330022303,0.9511770170288314,1.2334092555927008,1.1370749098982775
534,0.7261276528664289,0.4606958813129848,0.42770212203024055,2.7447103481055315,1.2023284938326853
535,0.9768159723860508,0.9312535225175268,0.9218980386846033,3.345376446117246,1.3521412905022523
536,0.8228251886447225,0.5995095893228368,0.5802547269307775,3.2079555117213343,1.5017515694349364
537,0.8602400310918672,0.6597588668846229,0.6409878690672512,1.289700870721051,1.0531608403163635
538,0.9049012969698046,0.7496578264600302,0.7341667392045238,1.9461854017466638,1.2880896241115025
539,0.7501444410382674,0.48998018292783474,0.4559545212419042,4.104545737338372,1.2815124582573867
540,0.9620045100688166,0.8894553324670598,0.8783308220371745,1.747477723786207,1.261895751992159
541,0.9556322744395863,0.8742665221646005,0.8615621629448987,2.372325695038132,1.1876289808348275
542,0.7293593406974073,0.45829444409318126,0.43038893965671887,2.3873968703124198,1.326515000446875
543,0.9575169387267686,0.8754531097842099,0.8676694154749884,4.795593665305425,1.177565627605389
544,0.8471181530241153,0.6335582157429634,0.6184173023791788,3.1502883802569497,1.1943632803523088
545,0.8203316879544468,0.5761605873894986,0.556450853043889,2.555725523003465,1.2396800439581048
546,0.9178687191851523,0.7637240945757695,0.7603366186431946,1.9202992793471318,1.3883750471422052
547,0.9385509171623834,0.8128482340628413,0.8086985265089124,1.7734198089645938,1.0482658680163301
548,0.9888687356049882,0.9634328329314872,0.9616859410421948,3.0807810524880854,1.4685402837412382
549,0.8317468197356528,0.6000666146702024,0.5876062840128478,3.083539455893796,1.1209585744459656
550,0.9455504532390816,0.8435833854900309,0.8368690738696848,1.671266117439017,1.1448122983994222
551,0.8623398492991209,0.6552106664002576,0.64521355450307,2.8487942819528245,1.610325117637708
552,0.741850123580652,0.4661626642956032,0.46466548965051824,1.651379292385924,1.4371416282491425
553,0.9497754392901517,0.8494954977769078,0.8490170653337082,1.5680889601846475,1.0842259765294664
554,0.955555062564637,0.8665521498822228,0.8663117292780732,2.869166972406355,1.1209539948239313
555,0.800487446960451,0.5529454965707665,0.5599529579959561,5.097227493395845,1.2493792566372544
556,0.8463259952759847,0.6299082142902105,0.6369980394704136,1.6950455300553202,1.1571043118829507
557,0.8963154218083029,0.7322858661373955,0.7380810561839449,2.151112606218336,1.1705760120519773
558,0.9054048535781309,0.7577853045498698,0.7552425143978612,3.0102345152228756,1.466705283124055
559,0.8504064245475252,0.6466894690068912,0.6426296055252861,2.49227191511827,1.221140898654646
560,0.9479786670343107,0.8536870506971138,0.8489856867379822,3.239539567982006,1.0825514640562446
561,0.968025345256192,0.9046030468797523,0.9037734069210995,2.5539461636214322,1.3772769127788074
562,0.7175446638015653,0.4474675251799332,0.45162577747837435,2.609195376809711,1.152953814740819
563,0.6784904473032957,0.3980893826415259,0.40016698339376744,5.053958627473916,1.5766261335730836
564,0.8060862248329952,0.5693257040752822,0.5646746267151469,5.879054815665706,1.1919134687058723
565,0.9705956634530578,0.9118032147216136,0.9116926844306588,3.9325005802248163,1.195060778557984
566,0.8304473358587662,0.620170862561955,0.6279136400205763,1.6692315742371162,1.3080413383073184
567,0.6629087948033539,0.37885116015173764,0.3907235028552465,2.3041207246631643,1.1795387087694957
568,0.7427391994083773,0.47208671759727966,0.488339685037804,3.0648095433314326,1.4753662957905302
569,0.9315746404228566,0.8044019735947013,0.8161358265625219,3.149581290227744,1.8492977455575694
570,0.8014311086723425,0.552138363382086,0.5728169606586184,6.991535925207351,1.0267424190792043
571,0.8008941593645809,0.5340065343484599,0.5545670916798778,3.7677630998415927,1.5151075217466907
572,0.802883462535125,0.5441572568007033,0.5659363802301614,2.394019700245328,1.6333953430343087
573,0.8718302845883623,0.6616265447339584,0.687311115665824,4.38862781417879,1.4007743874116407
574,0.874074048167735,0.6562792529679552,0.6829627453860144,3.228896157647891,1.2293367447769414
575,0.9056695506901874,0.7370096190609351,0.7601092652179784,1.3098446249851108,1.2958517260231461
576,0.94441979323128,0.8368536430471539,0.8605069625073931,1.6985147642262208,1.3230133358197063
577,0.9041210380006204,0.7439417983412653,0.7694614611150331,2.524906377360136,1.0926917684033348
578,0.9344097781883586,0.8174448334202316,0.8399965124353974,2.1265888360506535,1.1598149269140117
579,0.8396046901410988,0.613127668139531,0.6631433600322925,2.223919662050684,1.2475633089549845
580,0.8721572695778954,0.6859130900932068,0.7250209958837565,6.001323171092264,1.4606357287176648
581,0.893667556207942,0.7206439955319809,0.7591695982101989,2.511379031488971,1.500515256277909
582,0.8962779759553045,0.7287639796779674,0.7626730995844282,3.72714618315419,1.449266451578528
583,0.6774516926204882,0.40165677556231977,0.4428270786368589,2.3847137563340564,1.6710370308064082
584,0.8677034089365934,0.679340900480914,0.7132795359179329,2.099423929575397,1.0683633405405069
585,0.9218859659570524,0.7945625952013688,0.8241741458796177,4.525592149848993,1.2137826971506223
586,0.44399917060370625,0.2107142078494909,0.24392544155445178,1.5651183802501363,1.1344020979904748
587,0.8864629419011425,0.7257965767714083,0.75750486793836,2.327675630813584,1.106963633496377
588,0.8667671856634898,0.6787666333839003,0.7065703459777288,3.1195127649911925,1.1611207317159309
589,0.685474336209647,0.42615744154240587,0.46471010010395924,2.513217785560121,1.0795839441791342
590,0.9302738400546733,0.8129047634206561,0.8436015476060816,3.3236831769677897,1.544958950318033
591,0.8641784832113549,0.6667284441805675,0.7084204291956339,2.5770332851462854,1.2300839576917308
592,0.8939312543078917,0.7235179835521831,0.763336216647813,1.991500710839781,1.0200475195561123
593,0.9134713606999001,0.7731406130180408,0.809374406132422,3.035414090775108,1.0919215494468977
594,0.9307863085348163,0.8086958887396294,0.8358682226564542,3.998722200549622,1.0457283029734685
595,0.7556547913652084,0.5020473726633733,0.5468256229538234,3.4095925167943735,1.2524954166087257
596,0.8850264640333148,0.7192947006649782,0.7598071558711625,2.388485674872323,1.264379523116651
597,0.864785322222047,0.6804564575800696,0.7214603925451623,2.6593523302318567,1.3556790332205264
598,0.9194737733366755,0.7837812550871742,0.8082803111431892,2.03781518972562,1.003121733883113
599,0.809282582507344,0.5904888224461057,0.6348041372808233,2.094949429623523,1.1117876785255398
600,0.7493640399819452,0.5033063273639773,0.5522286556051077,3.5753394955109554,1.3924773151808243
601,0.9502861286692543,0.8633684362583506,0.8838677176728554,2.348934243838954,1.3871638447247499
602,0.937542450183384,0.8337245270856587,0.8546325887367427,1.8344807866155224,1.1476225670730162
603,0.9198385205972779,0.7848019975800936,0.8051994908433019,3.748037120945286,1.1390208508319044
604,0.7805871038173186,0.527694675885225,0.5591922255959804,2.8940192838977885,1.38357534374734
605,0.8142237052136373,0.5756329901199917,0.6119970816562058,4.23767617283561,1.1609989115938752
606,0.8446257309281653,0.6266126817012598,0.6595544671174347,1.471688036171376,1.271383243188851
607,0.9146850368695119,0.7797106633275823,0.8016778945431345,4.662686468402205,1.188193406400993
608,0.9255769125988587,0.8073455144738262,0.8290914346054848,4.315439797449923,1.0267135293068568
609,0.8841722038213057,0.7175220053583654,0.7445503286580912,3.4744274673685607,1.1193177397609915
610,0.8684021936045763,0.6987039570184164,0.730635668773519,2.282294568980171,1.5290055320852907
611,0.7250945732073928,0.47293163000471106,0.5160238004692033,1.8738130787976872,1.2634387599468786
612,0.7203253354853209,0.4684144170589746,0.5180654612827216,2.077367521483653,1.437905350458864
613,0.8657686000022314,0.6885382086248532,0.7310903041844223,2.601921950961064,1.07846268161375
614,0.8635277553574939,0.6611218437976776,0.7085258453069669,2.4873239946797625,1.220299737593648
615,0.7444329935457739,0.47908057092368966,0.5469799070839936,2.6743867813860613,1.0575480076311565
616,0.983725105161731,0.9512207528963447,0.9612088006296344,2.9548383330382935,1.3059851131710754
617,0.9041680256387439,0.7525145981177408,0.7919764840996468,2.3348028445554383,1.3931453890985057
618,0.7959821012283591,0.5599719987635069,0.6247862982640737,1.5549768425599797,1.3998913765725756
619,0.8983697181765115,0.7386295206156853,0.7836929621308664,2.1410144223339223,1.4707323802179477
620,0.8998292945188172,0.7463394603177792,0.7910579949953809,2.1121249023671385,1.3045104648033201
621,0.8985025806560303,0.7398095102993153,0.7855209295618829,7.045187018096737,1.462833357472403
622,0.8605801903536425,0.6665084253526408,0.7194510422175618,8.801028559175094,1.463370456201533
623,0.9288344484711837,0.8036763527640053,0.8381348908229037,4.2795072292175655,1.24095424207706
624,0.7685425438969838,0.5220788792552069,0.5703082370355089,2.0076130790581117,1.5657179480644956
625,0.9394099075172887,0.8363037207724143,0.8596257704676905,1.9576590994655385,1.233173958688845
626,0.9361144389729624,0.8273948222728674,0.8487627667862574,2.3367393284076825,1.2793688345900678
627,0.7611135979018021,0.5038426247722206,0.528946628877005,4.691364848532564,1.5988264713153642
628,0.8290738570390739,0.6054311908940299,0.6272622809667991,1.8298925002689044,1.3262158457589113
629,0.9337362217490689,0.8185315321256056,0.8319268387726827,2.9705789330246803,1.3774980037928481
630,0.9025679515910855,0.7515892817886662,0.7701487081316581,2.106914163801384,1.1917867250853293
631,0.9845883881562306,0.9551983984575768,0.9597510330302049,1.8987911313103778,1.670149552195772
632,0.9736868931922209,0.9274457344851339,0.9349245188734269,1.366480730245185,1.3781393695553477
633,0.8889919056135506,0.7286043661913374,0.7557971061622698,1.9806198528580214,1.217121954561246
634,0.8317752247676844,0.6213096027491414,0.6521321907951263,2.5569608143099165,1.521564166802513
635,0.7350850999807328,0.4865836339214687,0.5194109851306616,3.234915294525437,1.4144901625100785
636,0.7660093412770391,0.5211412500329112,0.5532654608403598,1.9428229953577054,1.5873144735954656
637,0.9260351698838611,0.8076053367202585,0.8261727624312318,1.5148072623491435,1.2170718043290496
638,0.8611415598462092,0.6738774454089397,0.6980745864014364,2.57548121461324,1.2526964996548446
639,0.8798206672642349,0.6977554188295084,0.7202218342234539,6.278083941756248,1.032243016620166
640,0.9621744039765234,0.8916967744281662,0.8993075449235262,1.8334999522178237,1.1367314768871268
641,0.6550457194618114,0.38453671761620706,0.4014890563405688,2.1764628423949968,1.1254906252428445
642,0.9005753690821662,0.7521166089689034,0.7561093850114788,2.0333776397043124,1.5576583999750782
643,0.9452022818284337,0.8542714551343975,0.8548712505337679,3.065625567818035,1.458254762921753
644,0.8831220974465457,0.7166799763160239,0.717290934837295,2.2381469180844484,1.310494730606532
645,0.8725131716235003,0.6989415356342487,0.7009479469462051,1.2537727098873794,1.1851851189018663
646,0.9500005144714426,0.8635731968925582,0.8605064634540514,1.636064926519198,1.0501661742272068
647,0.9516956269723303,0.8672869243045718,0.8673155645065074,2.611724517433857,1.456378575049279
648,0.9078739555106543,0.7640441566607094,0.7647106963085887,2.6281960232959265,1.2931980321766297
649,0.9131460266478083,0.7770556501576144,0.7792481469859377,2.5099468703070027,1.3405297347845855
650,0.8986038818921673,0.7538118568560134,0.7676996689202795,2.2612347564328297,1.0791590609794361
651,0.9281066244237088,0.8227265577989202,0.8252432993712171,5.9713172658889615,1.4160581216380275
652,0.5526070056809566,0.30174117660074573,0.3038338474051067,1.6759605030420928,1.0092747752841191
653,0.8249458641746589,0.6163565575710716,0.6188007850841777,6.15840009986661,1.1112731930190378
654,0.9366005454791764,0.8356937125474585,0.8343948122310901,1.6073675679617607,1.3335893810192865
655,0.8749421279507213,0.713017305653246,0.711843131742516,1.846323962809987,1.2010930404592852
656,0.9735114180882581,0.9291570728405002,0.9300104967068448,3.145752114846115,1.2991413176758189
657,0.9812362307416977,0.9462809865678429,0.9445921194348912,2.451909379021356,1.4444385025002917
658,0.7325870540103342,0.4813741967562094,0.47874870198383135,1.6223338138322827,1.120630893059963
659,0.9719312616108438,0.9250025839824902,0.9248129306703706,2.456177255707354,1.2560858990195114
660,0.8671591659323532,0.6985565850295699,0.7073434288937479,1.8677626534366822,1.2996149014561058
661,0.9009701414187844,0.7597271962009552,0.7667293505082404,1.7949574464858795,1.2157351690769505
662,0.9751315036305499,0.9313157041992023,0.9350981924214655,2.40755003227444,1.413372214979525
663,0.9737621837059429,0.9290565293185703,0.9356694533710416,2.2160093603945192,1.6744826255063905
664,0.929986546164835,0.8261833975321414,0.8371337540162862,2.1021139136678273,1.0345745033330118
665,0.835150597039853,0.6296389158376565,0.6420006365515807,2.3489222532332255,1.2381576930600673
666,0.9441320914961658,0.8528258054806078,0.857547635663787,1.6143024775696335,1.2777656986869441
667,0.8504586541177837,0.6684409555116286,0.68072512821119,4.636759126644094,1.0519692857338372
668,0.9541352203830331,0.880169121317979,0.8821506366409789,3.4071352644304755,1.994210693601663
669,0.9433074638582669,0.8577536955700128,0.8583766597904176,2.416156897843802,1.5441912713554848
670,0.9321893609527513,0.8234490842196219,0.821170394459702,2.942378735475026,1.5218070176445422
671,0.9654182177782572,0.9057628755152739,0.902488984832337,3.488063729166998,1.337554130815085
672,0.9720972091413075,0.922707473330964,0.9231132705167686,5.1149913933817,1.1119085433718194
673,0.7341803107677233,0.4881978753024026,0.48768996109822993,3.02962729482174,1.290115463519769
674,0.93507530043775,0.8334601737654941,0.8343947044950046,1.5125325730949188,1.360946999517375
675,0.9164561127150217,0.7961122610668362,0.80217278336697,6.460522428080861,1.1716760341234678
676,0.8199856038623141,0.6251691046833467,0.6222680725286138,2.5183353940459097,1.4298869119081852
677,0.8432939885497822,0.6552113068942804,0.6435291350534943,2.7599635891221266,1.225174853750987
678,0.9445547909117394,0.8569792035335804,0.8612861537902697,1.7807906713214374,1.5476019063838786
679,0.45414469973150406,0.23102516911467078,0.24169193993395374,2.4098523785248154,1.1361418586097767
680,0.9144848523752831,0.7947939265477666,0.8010080169951312,2.6620841802061688,1.4385369421007732
681,0.803286849123912,0.5858152241293907,0.5892217490758171,2.9840205199417715,1.0749515868052217
682,0.9658088647546416,0.9072083434141549,0.9086559795496145,1.8628192537727524,1.3684654080266263
683,0.9560029154486955,0.8861604856137411,0.8869835906797368,2.137245149018345,1.0879462315278166
684,0.8960683624176917,0.7562709846976862,0.7611619627898789,5.1734878580166175,1.8300544451779284
685,0.9234509207526918,0.8140405165287861,0.8115768667874628,4.4341820419863005,1.3904820060241978
686,0.8240300821154384,0.609926771758405,0.6096069879392968,2.8040613233839475,1.4301430341306762
687,0.9287933101226693,0.8198803405119001,0.8214906161959985,2.6209426270821927,1.1354504011984494
688,0.6785357494654944,0.4064845110535817,0.4113270097288718,4.699458690663482,1.1849270979340871
689,0.7982063073368909,0.5756145402175232,0.5682434811688093,4.048340618389166,1.2952822455685984
690,0.8756519484808583,0.7025865970524354,0.6982750381407741,2.020339402794703,1.0050914704776086
691,0.9343771115523767,0.8350204911651111,0.8318788474881763,1.3611612162680764,1.0230953879320506
692,0.7264844689636337,0.48379203660740777,0.4808717724534119,1.8922185442709059,1.1238133306349447
693,0.6457949104803404,0.3889226371297878,0.39143143579655837,3.7119020612710116,1.4474050371057883
694,0.8468362968492639,0.6667282203007328,0.679053338364329,3.142996671659019,1.1711086709228844
695,0.9167487746896195,0.801736772441932,0.8043844126423301,3.2438275106263785,1.042399444987467
696,0.7624791888984903,0.5348673130211214,0.5341543624354619,2.196805128657834,1.4785056811337496
697,0.9436572251754713,0.8570335245630418,0.8596065126707612,2.543401786545578,1.3725737512665257
698,0.9776156995219597,0.9392829081527344,0.9411350416460807,1.8767553412443343,1.0890444285710594
699,0.9006229781252779,0.7636286598955383,0.7781053660188848,3.102950598306434,1.4248438787136526
700,0.8648985279776716,0.6906314039597948,0.7052032867714074,3.606401533148424,1.2365424816210406
701,0.6996646135156956,0.44749916866539197,0.46082357936533647,2.0231639663847987,1.1294471620227768
702,0.7977774047253499,0.5712310414927366,0.5822347977883306,7.577687589339576,1.2447895969142162
703,0.7320514226345338,0.4726021474221644,0.48326151393833705,2.8320240491445454,1.3795517122582182
704,0.8016671741182428,0.5771284323743823,0.5858916444249097,3.139504970599783,1.2363205144458713
705,0.901242403013705,0.759186645664308,0.7661728947030684,3.089604241472598,1.2253736425622281
706,0.8522567619104431,0.667164826955033,0.6743689036853355,1.9171438435517638,1.369954612388262
707,0.8757386032352452,0.7040080395793027,0.71428454922967,2.7547433269357073,1.280349623014799
708,0.9305129525639132,0.8231737810605856,0.8361135091507658,4.324870226958394,1.21332348875268
709,0.9255535870700727,0.8088105076950581,0.8177500506781105,5.376885726378475,1.3374199173180927
710,0.9400880235930534,0.846449177476665,0.8506645795626326,2.1527663987222025,1.366414393715424
711,0.9657160085841119,0.9080013723030945,0.9123558972069075,2.048640937619396,1.2550794243362215
712,0.8501541819433818,0.6610124530843114,0.6734384052287683,4.420337432458936,1.5379651148737892
713,0.8263664351013671,0.6251532668756197,0.6361215764051519,3.056666921538485,1.1800333883357237
714,0.8907564803080035,0.7349435590713495,0.7414518021102299,2.5994877184718916,1.0833931044785872
715,0.8239997830625,0.6111206258517662,0.6273931141624821,2.9692992982831368,1.3920582651050106
716,0.782700464083881,0.543125431163377,0.5730533198168186,2.3029030863398563,1.2484377874507915
717,0.9411968825171116,0.8445205400905387,0.8662495989987902,2.7628475546695426,1.5559962830921217
718,0.896628996957422,0.7539210524256329,0.7807847237524471,2.349821269908331,1.0639118029803587
719,0.8607462612466779,0.6860615719646406,0.7209843885117071,3.717196546984177,1.2670876905487343
720,0.8902728530120744,0.754170223142139,0.7862691096912883,2.939373086117968,1.6637717725029735
721,0.8745590224787883,0.7126992621006488,0.749804939935183,2.7059948940279415,1.4868098975878852
722,0.8124198788897175,0.5958677407872577,0.6339261616420868,1.7454658077540428,1.1207807824089304
723,0.9640622096208895,0.9022993737261764,0.918600565521269,5.177727577307038,1.3693613870051526
724,0.9371275214599762,0.8412517797800947,0.8690518055971006,1.4376960086310788,1.4493075628940302
725,0.8715526603643471,0.6929339028794023,0.7388010957151914,3.3458443470646526,1.354314941253541
726,0.9601051265640345,0.8928717200577551,0.9129706228696864,1.944833628093435,1.3098404670395207
727,0.6467257839252964,0.39600060467160336,0.44168767340032783,2.6974670313376334,1.9244491673034743
728,0.9162941934977002,0.7945523665671442,0.8189910999794581,2.165207265591313,1.098266733684159
729,0.7984974757175326,0.5714530076315396,0.6241969222945135,2.8094516221592003,1.2470021246700416
730,0.8700346790519041,0.6962209833385884,0.7468881474714268,2.743181993277252,1.3300757137793129
731,0.8544868054545341,0.6742230153737351,0.7375527615446024,3.066542458271761,1.0320282743197058
732,0.8880762995111907,0.7394937987860316,0.7880081131982493,2.476715412132583,1.2287812779416185
733,0.8477995814584661,0.6547691552363735,0.7130999606614634,1.9806077591933495,1.5309491717948425
734,0.7176206293217673,0.4642801558073784,0.537674953791869,2.473476613306931,1.2487488162450604
735,0.8081259959743275,0.5874288692022693,0.6543109402019504,4.984870692484177,1.085942121474781
736,0.48235424317871883,0.2384177466460194,0.2968966715453241,1.6133662203994739,1.1303780988974177
737,0.7467383341109454,0.49750849345492865,0.5731758219115913,2.9522556032294913,1.7563919292391814
738,0.829157096429178,0.6207806709168529,0.6787344595662246,2.9453678096899667,1.3655724898319959
739,0.880181469322441,0.7119300462916105,0.7586906623974845,1.909212798792122,1.2805245959805975
740,0.761170940090232,0.5134510261830124,0.5680014200987807,3.1003082468713608,1.6112762211264084
741,0.9178304056313996,0.792322065820539,0.8185931083376293,2.713219521538112,1.028523929817293
742,0.8491259598355304,0.6515398634332378,0.6850602527969577,1.323764517092207,1.0059946143948109
743,0.7763510598797041,0.5372977204762729,0.568397814723364,2.929140180009083,1.1901353464099549
744,0.8374842363657348,0.6338142820038178,0.6797196307231568,2.0254165153539647,1.0464758906939577
745,0.8261315551972964,0.61381144752862,0.6660259371465447,2.9899388086442364,1.1333611166236695
746,0.9225426135757386,0.7979081976961613,0.8294864818435244,3.1344477897587733,1.1492350418835091
747,0.9083575346867246,0.7676648244444528,0.800274270372164,2.0369235610812284,1.3004682193951305
748,0.9698446903157634,0.9119029244219274,0.9240948757344326,12.303642682389002,1.2521429551133745
749,0.8601356970973396,0.6769233567413454,0.7093320054764279,7.635670648358699,1.4019963810407645
750,0.9392003293294556,0.844095128089045,0.8584461850752626,2.969136032221285,1.4830113733000598
751,0.906266133830691,0.7662926010808507,0.7905915160561086,2.376286774857327,1.492052887267073
752,0.644513801654727,0.38690935837756507,0.4285693155232105,2.878059521217928,1.1167515420919831
753,0.881186932188594,0.714699167272405,0.7501631737203559,3.4163454924281784,1.4568856219243262
754,0.7436304205591853,0.49277858396756374,0.5397516820757853,3.6766794118950563,1.4271105280101812
755,0.916006039974676,0.7857495039786598,0.8143681460765256,3.9774758791019758,1.394265145639474
756,0.8837480900030122,0.7266326094509971,0.7607948128473855,2.496662084528892,1.3495155283353237
757,0.8843482605073822,0.7297258142939574,0.7617940395293828,2.0748781241154073,1.0176982948092732
758,0.9129914021622169,0.7912973469533575,0.8201314017691466,1.7357875242355165,1.156352152608091
759,0.5874788102782894,0.33633499233465464,0.3914472823611967,2.9685218532598214,1.0422246025596027
760,0.7390091704368081,0.4919438995840908,0.5433858598837346,2.356994209576331,1.079506952717578
761,0.9083467563160402,0.7762263448118499,0.8107564023945434,1.622540310612727,1.2087066848521963
762,0.939794188053719,0.846322547820464,0.8739003086610805,1.8405294829363217,1.0387953261045806
763,0.7696752050345129,0.5365605495266383,0.5898708100801541,4.017167025953842,1.0779502560666772
764,0.8475815253877833,0.6608942219767022,0.7079642995686336,1.8591919522489475,1.3037215958657082
765,0.9202991427095669,0.7890022495217012,0.8318548197580611,2.022225037930197,1.3379495964855053
766,0.7529689645781191,0.49870512139172507,0.5618580571631585,5.706983109354944,1.1571557945662518
767,0.8232396220015834,0.607848616864482,0.6619181324949822,2.3763595890256703,1.2421898056604914
768,0.9712719198782426,0.9174008657424055,0.934499607178186,1.5116399234328144,1.5035757692769998
769,0.8218067320752916,0.610089977923887,0.6676079773829781,1.7676008163578465,1.3137254421856366
770,0.8726502479974199,0.6986209202356609,0.7532074369599625,1.9337146188341587,1.052388763448261
771,0.9580706368995884,0.8871115445753028,0.9123394073250646,1.6019405593511937,1.1299613934974684
772,0.8889737438824656,0.7359950312992561,0.7867157298593681,3.1030021948733952,1.2808120785660535
773,0.6224338490585662,0.37045621792367195,0.4398468746523499,2.5676528958086253,1.493727057562643
774,0.9250528866352875,0.8147666582174151,0.8467225523395958,2.9425163195896706,1.0809963658449018
775,0.7614594774773729,0.5327985756984953,0.6002037853866595,4.135079613511683,1.432510207732316
776,0.7643416965350086,0.5186434277703684,0.5880988698465583,2.3860604287451515,1.2596162426246922
777,0.781998737233127,0.5480878676080266,0.6171285069779833,3.0964113632648322,1.0015383458254095
778,0.8330867492672828,0.6262916566449584,0.6965704349879845,3.4642899647862055,1.365866688066049
779,0.6575925712621092,0.3782386181705092,0.45606316364177657,2.509663388775956,1.2763824627551914
780,0.8455965763550817,0.6479574144952248,0.713945575032633,2.1798200561504713,1.178029783757069
781,0.8395769161029356,0.646793863652068,0.7152818127780219,2.8886395926058754,1.106868269101838
782,0.9453625264016582,0.850292659417892,0.8877595735546051,1.4961200763499392,1.7142705775456784
783,0.9640736691942893,0.9007791980516745,0.9254969333615379,2.030274158122028,1.2510087496651743
784,0.8343835412796662,0.6290061366151383,0.7036229457164717,3.6794410172928718,1.5920316425375753
785,0.8639532142620493,0.675675360248886,0.7435026038298546,2.4206182396127414,1.5924287470320702
786,0.944091708055931,0.8481693328185496,0.8855420188146855,2.4282898227619594,1.1208807020256661
787,0.9501293313947434,0.8636030278170425,0.898307732266123,2.486357195342905,1.426780243342256
788,0.8765848300644894,0.7066405624147103,0.7663849710711,3.477301191428777,1.2433513714973705
789,0.7276642372516531,0.47166569166035804,0.5583119655130915,1.9385821441826319,1.057694864990159
790,0.8937537018816447,0.7391886347240143,0.8025926505980131,1.8432402864012134,1.1643561498765915
791,0.8649943107330831,0.6947326959445724,0.7583927442932971,2.968229789203407,1.2028450043599257
792,0.738999825857097,0.5029042161465802,0.5839863289129471,2.832476447643249,1.227724606669505
793,0.8790066753409274,0.7196244495515092,0.7790502319174575,2.5465042189874785,1.6193006165415815
794,0.8585309367091806,0.6817043489770779,0.7440560131463092,2.2990928703072995,1.3007557644808303
795,0.9440774532799443,0.8513867966819887,0.8855665417987033,1.9395930075512788,1.0558506398432386
796,0.7909544343857973,0.5535040209611501,0.6258384596263423,1.9991994027211626,1.4246690811362106
797,0.8603443251797439,0.6760834888655919,0.7381830010690519,2.3279013575014615,1.6226399551886164
798,0.8115473965532308,0.5930258646679399,0.6662912448358009,3.91470872730201,1.5797280584350175
799,0.9289691120675927,0.8246156152680684,0.8619669175255532,2.034719477282364,1.041975028372794
800,0.8916287342607306,0.7560803181403725,0.8059194646392609,2.042506565476288,1.2162028742591668
801,0.8855057151891251,0.7214535131616806,0.7829403356429321,3.330831214332895,1.1058627035603215
802,0.8251668794190736,0.6319319107790785,0.6965702633525953,1.6016399430745736,1.1048275908581704
803,0.870771505633619,0.7059888659713572,0.7593746861054975,1.9140598027919495,1.0330623371737526
804,0.7984495995199687,0.5891296817114777,0.6618641120814661,2.655256084218884,1.4379412499641162
805,0.7594254190784069,0.526076931114455,0.6093894631560857,2.6665386226182135,1.0010370387454877
806,0.8466506979427361,0.6673258624466313,0.7468562345250682,2.4820549472066733,1.3804058505394141
807,0.8500143005691715,0.684687130021004,0.7606551516816937,3.5526166376797534,1.1313700350280582
808,0.6696657657008275,0.4239972936671239,0.5245748578859637,3.2510889460640717,1.39622508186505
809,0.8611551795917091,0.6948925057256781,0.7696796291915069,1.4309108990877768,1.0393724433720537
810,0.926750906719756,0.8219646328574934,0.8748354342123551,3.565648898134304,1.6176318513394314
811,0.8508337248591893,0.683459043404905,0.7632327987756108,2.3704004770544973,1.1082444235042817
812,0.9317573181553689,0.8395306754766095,0.887399441621845,3.7669472837965725,1.5918749067146987
813,0.9273437993553535,0.830236616091004,0.880918310056668,2.3165113968358995,1.2018751027325525
814,0.8462374852181017,0.6673206149034986,0.7511471256420525,2.1638257239106675,1.1488970585805411
815,0.7033961471614967,0.45894978040560697,0.5549669690932207,3.046149536576547,1.1103849746690453
816,0.8470750814545663,0.6669904066283721,0.740133722974781,2.4961287469360234,1.4841255688005097
817,0.8082497048081649,0.6228324973575833,0.7020839880420838,1.9661853718006033,1.6530008771969125
818,0.7515718269106507,0.5409553216446616,0.626927647356488,3.0115950401109695,1.451415150178996
819,0.900084316510507,0.7751491719553002,0.8292107957318339,4.485871996545236,1.187405131353774
820,0.6438190263624649,0.4142462695612945,0.49956273563025755,1.6449937522391354,1.1251515348928602
821,0.9390919258462516,0.8515225550523222,0.891708062138621,3.9412308777590286,1.0385210509646408
822,0.8028289570361088,0.6085208561396155,0.6888956578825285,9.1597897308633,1.0816528347462715
823,0.908231591115896,0.790040725791153,0.8479644000260417,2.383239690134091,1.6003160381415968
824,0.7782553779527845,0.564269147386707,0.6631066291064431,2.3696630858258545,1.2632461089789508
825,0.8409217908485089,0.6644752041088186,0.749270075475333,1.6033712212908244,1.3582494739907645
826,0.8129356296644109,0.6201323153503029,0.7099095537026172,3.168396431443877,1.4080378158226685
827,0.8139427528330873,0.6141679511427908,0.7100301574088457,2.595860171241458,1.2958766532870227
828,0.7979468947115297,0.5805434313155763,0.6786112531474023,2.9046525706345077,1.5934610489647738
829,0.8792283295605562,0.7284952992750895,0.8124457758700391,3.2151372495118444,1.6553854811066437
830,0.8644691173298988,0.6928434617613048,0.7892917942833955,4.10005226082697,1.3824105817842756
831,0.7782886129226217,0.5578505301188269,0.6699408025989781,3.9373575771855105,1.2264097025252867
832,0.6246814023388833,0.38142114602084165,0.4996099254704712,2.960635130007967,1.788570761860723
833,0.5379485321065592,0.29265465569385846,0.39675114964178765,2.0932033334584816,1.182108055591648
834,0.8736993884932612,0.7230477455565579,0.8015647333245706,2.3723320778668153,1.4777835525623633
835,0.7185548284118457,0.4957904160912938,0.5945473450037966,2.211799195076624,1.0989874867965637
836,0.7534634372197989,0.5283244516118757,0.6311426800939633,2.1476423876923354,1.1644457420389123
837,0.8556143236503204,0.6938582204381389,0.7653323204526415,2.244172691073363,1.4691798553464193
838,0.8149150852922372,0.6293754644172044,0.7122989647617373,3.0711906008003056,1.1851788238823426
839,0.8642492984703924,0.7186756764270487,0.7881698980291859,5.038254014142548,1.4419464540760603
840,0.6866179760187809,0.4590334925167609,0.5582764473574167,4.253115697520677,1.330081427822741
841,0.8139121177580436,0.6315775027431944,0.715145993684124,2.455361118996556,1.141276607143514
842,0.7405382198483618,0.5269037569857795,0.6260690797193923,3.839474445356117,1.2513980167943106
843,0.8075690838468292,0.6120626783659842,0.7085907169366659,1.9308003384884644,1.3775706983809552
844,0.5996234531357024,0.3602690695842891,0.46957931076893544,2.2521765155069233,1.4789262167185857
845,0.8384960412148035,0.658201026406883,0.7508594789714103,2.2374756234137205,1.300326372137718
846,0.6397356795338337,0.4063089660919075,0.5155471891812813,3.7358382975960405,1.2206703423601843
847,0.7841649027700051,0.5996426726879257,0.7035866999587309,2.220948898857003,1.061309000555539
848,0.9021261206639827,0.7845119549487874,0.8543279429450396,1.7172883067562628,1.2589730730576068
849,0.8836458588997914,0.7539550910121078,0.8259041292392062,2.8442300149477355,1.1500862411836124
850,0.7503003036062084,0.5418370373321587,0.6519419687471077,2.342688608818838,1.0817323292754373
851,0.8921431337041249,0.762322693607928,0.8399576650697167,2.5264373246432776,1.0084171444910994
852,0.7344364853508805,0.5035166114041653,0.6307620764222033,3.0005308707992127,1.5185540684438592
853,0.7493563915325726,0.5264033286937149,0.6475735534500524,1.6119736472032158,1.053716978451873
854,0.8109919217907443,0.6133496116705325,0.7231690124147383,4.443003985585779,1.2680113381330047
855,0.7402734036430549,0.5053123538446762,0.6353311595992409,1.8175144314739826,1.2892505697288776
856,0.8543196609705765,0.6805454999691305,0.7856817735351848,2.3129395852086336,1.401817269959327
857,0.7303248105002133,0.4900810002301694,0.6136700697179067,3.3572117974903697,1.2179334400371717
858,0.6094977158891736,0.34975055258545684,0.470477222441439,3.2861873371395807,1.1333263959702535
859,0.7759436760480274,0.5383036190127485,0.6635372265835373,1.8864453379764066,1.4786372229584595
860,0.8417743720667871,0.6552900637247101,0.7681613273749014,3.6697732177371454,1.5091064438184774
861,0.6491937164992709,0.4034652678067255,0.5333782361322563,4.527844164275023,1.3454925363907766
862,0.8021292271109002,0.5988667732457544,0.7281658013700096,3.0257191665175323,1.4894123425122856
863,0.8915393543697706,0.7460736260829676,0.8401516772754585,3.1052067823703307,1.4664053348244028
864,0.8351494631970594,0.6488172031661766,0.7649324783380135,2.4538852223230228,1.3129622268859413
865,0.855741409914134,0.6869812711567355,0.8009691522258476,3.667968305344444,1.4172838243032904
866,0.8315204404717692,0.6332014018626931,0.7534721165059278,3.637615519728556,1.3680673481437033
867,0.9267888448730026,0.8145868218774526,0.8834676534372554,1.737184299317123,1.1773712862211105
868,0.8550051623772816,0.6705233726479897,0.7771311076608799,2.2938268735665646,1.2771718510346375
869,0.660691843826516,0.40290598388211046,0.5301449157363388,4.169067797140052,1.171677333821933
870,0.8252295610467876,0.6168644567760242,0.7329958622007872,2.4459814071563333,1.2319286403407947
871,0.8122375762104255,0.594613615789774,0.7224991880404009,2.386401438130713,1.2736843676203016
872,0.8095909498114102,0.5973109583401022,0.7196984081474158,3.1753915352660886,1.4520632915686056
873,0.4332205456442617,0.21623829413596846,0.3315251418811203,2.483694020888186,1.1254311326468194
874,0.9665828027015498,0.9124975327063352,0.9469868571923367,1.7257523826192747,1.3031265955083782
875,0.6790427768966765,0.4339532268450108,0.5756367233167423,2.9545980660481357,1.1261400343884596
876,0.9125362843484035,0.790078409933982,0.8655248469741116,5.69426916488369,1.3901469726118365
877,0.7743096496075669,0.547306417615101,0.6717413361699553,3.845581485746317,1.2974341902668016
878,0.8885742258990514,0.736121777778948,0.8385544293333996,2.067823178235531,1.3534595871619954
879,0.8358699116898894,0.6199071001319222,0.7491962001716316,1.651470737390624,1.7919043428218222
880,0.7627942045010139,0.5122288810215957,0.655185274537573,4.719192657744906,1.132342524590568
881,0.893775219551814,0.738725455307494,0.8346588778735147,2.9139355212034186,1.2635710134129483
882,0.8923247057449846,0.7474308823345975,0.8427929860338688,7.522508875067908,1.0015134555932341
883,0.693634586233,0.4415683228570803,0.587044292207798,2.0254537918021085,1.4326178902081321
884,0.9488954780042818,0.868403049307044,0.9242129167059527,1.9475362908474363,1.152889244019176
885,0.7366260505950116,0.499384604005118,0.6486785536205306,3.212411223621806,1.2665123809118493
886,0.6426342498579914,0.3991439735065125,0.5485356239779814,3.000418473180315,1.2167838183893696
887,0.855055613484509,0.6824502642738476,0.8018583227463725,2.3060312326730776,1.0085649166798722
888,0.7735049114651783,0.5570414639018237,0.6987957946449755,1.9338084664182578,1.2425190647809654
889,0.8052942324112171,0.5945025092425299,0.7323596390225037,7.6705052922664345,1.264874325955734
890,0.8522384621073231,0.670139617397363,0.7877837245444493,2.2950649842049846,1.519548829824131
891,0.7098796788046156,0.46359389826074265,0.6065176719648799,1.7602770123087215,1.507096437336156
892,0.9018794213437075,0.7637023357114304,0.8558697226432403,2.8224872595658175,1.1914317989135341
893,0.7745108524204979,0.5450070918816997,0.6904980555760877,1.903309904718156,1.217132155400425
894,0.574671697436057,0.32086223388002466,0.4713498737626283,2.177159723169639,1.2235301389267323
895,0.7833642689747685,0.5532220194945453,0.6988100483065186,2.944900934064978,1.2503783064930873
896,0.8599752475791831,0.6846876090237062,0.8088147190788987,1.8858055501123252,1.1696477038789754
897,0.8111837636790679,0.6077648887687612,0.7481736542245905,4.237991828247615,1.241149168154279
898,0.8856410599267219,0.7437368585370326,0.8411096360929614,2.3780374487934526,1.3804219983057373
899,0.8497543896415316,0.6711036853523005,0.7945380735224131,1.9354421193972773,1.387725793459373
900,0.866393944184372,0.6937724054344381,0.812275723276919,1.743032716460426,1.3253464820999588
901,0.7261294036865504,0.4758111016932423,0.6504214898466676,1.7468344104115148,1.1132610727845866
902,0.80891415778218,0.5940250060819883,0.7508083982101796,2.548362158594677,1.1128544887351701
903,0.845014895803968,0.6674758851268452,0.8039815557875237,2.8267237784084496,1.4598605171559529
904,0.6601427049480523,0.4149186254623071,0.5896492972220251,4.808350251480889,1.342820903919564
905,0.8508534677467864,0.6736217939236158,0.8051123019749284,1.3504877403894155,1.1474524520453975
906,0.7193483484559441,0.4889807237808146,0.651434299132906,1.5983343966090255,1.2698412180701388
907,0.5497433456543492,0.31285284220603227,0.4653528154625259,2.166272976390099,1.2325912809125708
908,0.364202354595406,0.17603459439053493,0.2847734518895718,2.5391809282251856,1.1585006064074008
909,0.8672095123991935,0.7156597676453205,0.8223709310918755,3.9312319698910616,1.0756829818994882
910,0.8506872247576632,0.6840674497980527,0.8008007665414175,3.547239024990527,1.1079173975697443
911,0.8249983970007946,0.6345353810229062,0.7571300371117897,5.252919976835309,1.1086093022844112
912,0.7473514066228341,0.5167615916153414,0.653870284702434,2.506262345914002,1.2138281322904785
913,0.7376447252611582,0.5112443290082129,0.6405538891130359,2.7547220421819105,1.0296012988551553
914,0.7844514360154298,0.571403808253668,0.6947911832378658,1.9434319148019568,1.4190299213799125
915,0.6884846307645339,0.464127559423181,0.5916397511684548,4.82911116716347,1.529465309859285
916,0.9434332549823731,0.863240325017927,0.9168741511252494,1.7307971368823163,1.1426428808224525
917,0.6928106363522811,0.46804306161813974,0.6001700564388373,3.848942030228367,1.7477980255290455
918,0.585940948249939,0.3429763015728177,0.47080852401702494,2.677084038883491,1.9216643422765172
919,0.8911402562775683,0.7541049422822139,0.8359513976464569,3.0606641832516472,1.2840369345000284
920,0.8589405773634923,0.6927873081082633,0.7895024799636794,2.832751558354276,1.5310906450677149
921,0.6352951959007656,0.3901674755386087,0.5161871611714831,5.285193451710624,1.4499475651229392
922,0.802045264301484,0.6015104385308808,0.7214065461899013,3.4662115695722155,1.2738962388830897
923,0.6747879634860757,0.4350352471590296,0.5774626217953527,1.5469317277447374,1.181772817032194
924,0.641395928564039,0.3945276824993744,0.518126919439176,1.6249313796337266,1.0356599136285705
925,0.8363260274598292,0.6566961051971467,0.7520990568859302,1.9897713463073068,1.0990440051523258
926,0.9092726605722418,0.7861481204917604,0.8519742594419161,3.2925037472368768,1.220552351098057
927,0.8478281691604548,0.6664243300230738,0.7649152469854555,2.495610792190216,1.0169591277344003
928,0.8585614600909499,0.6967729041494672,0.7873601699800328,2.98477752507465,1.2221488422658018
929,0.6052941012182781,0.35603536483248305,0.46944747041935314,3.238201303938693,1.4574395686170374
930,0.6182178080154251,0.3558358991510525,0.4671621372953783,2.916125603631124,1.2514115528400949
931,0.7343765683008837,0.498677439116751,0.6099574322550694,3.860383771057784,1.2631828248834598
932,0.8056572568778215,0.5814436983925734,0.6920211188788735,6.58874757166189,1.3820945109828586
933,0.9452724933182786,0.8519388888133228,0.899346074886217,1.600624576405909,1.0269548941132451
934,0.8830056077813907,0.7144792690216265,0.7949019692395799,7.460415015176522,1.3114110604951317
935,0.8890732038251015,0.7366013726878564,0.8121381608668288,2.4908063352751793,1.4651021150604426
936,0.8852857428050053,0.7321246351837268,0.8098472459796799,3.3964944174166427,1.1524585740532238
937,0.8555182614554384,0.6725436643999564,0.7640696002039478,1.8397187133495938,1.4511105702797031
938,0.908406169186371,0.7773948321076783,0.8491197689056339,2.3461205574126165,1.0488614155074942
939,0.902886190705859,0.773099583761813,0.8446936893123088,3.9286763465372134,1.6850839648359266
940,0.7965542835168473,0.5867270114330808,0.6941306021549191,2.7688112205079527,1.1387631232512314
941,0.907884428913407,0.7879735782192612,0.8547718041983448,5.320184475136761,1.409210350750937
942,0.8076606267663402,0.6039954305519375,0.7015142217253609,3.1358537608495762,1.522357008670571
943,0.8581081282504315,0.6806063685366899,0.7705664141904578,1.6417519677391168,1.0076532551530621
944,0.9156653614529232,0.7979262253273671,0.8552024062578232,5.887425770733539,1.1689920355623982
945,0.7234858629271926,0.47766196352518425,0.581337868322933,3.2176225812597217,1.2455921885921393
946,0.636383121509699,0.37137242874620247,0.457680063584162,2.1333913368893778,1.426040250905296
947,0.8633202962728301,0.6899634903556258,0.7704541672580711,15.965743588875617,1.1462184052573052
948,0.8044908852142924,0.5939036137964258,0.6931527188026076,3.341306397092036,1.0850523749608505
949,0.818573778649504,0.6199381099324012,0.7167723092630904,5.896291581762101,1.5995828755477013
950,0.8464871864300727,0.6455028975338335,0.7435264753464225,3.612899637596358,1.3479113036641623
951,0.9264354459075165,0.8187265729553642,0.875202155681978,2.1859131361876387,1.4413519141316284
952,0.9332390808249192,0.8326013215669522,0.8859786605600052,2.63290185849413,1.5997103994673574
953,0.8972005048062657,0.7572445102166406,0.8277462227636775,3.1515935648088704,1.0882873101519324
954,0.7585016995873286,0.5279121089899004,0.6311758438680132,2.6130098680198452,1.0363104119343256
955,0.7709398694803374,0.5384979352790599,0.6351798061007418,1.4885680184067855,1.322588684747206
956,0.8755423082665706,0.7114591913153935,0.7920760942660874,1.9629537236529564,1.138711413414191
957,0.7286388648393791,0.4940433434686861,0.5935728018766864,6.840552238347043,1.4012213132367228
958,0.8182097158539858,0.6233125306635556,0.7081505523799411,2.958339627162856,1.8781960549609504
959,0.7859358896299787,0.5859134389858266,0.6700171983068781,3.2722253164629644,1.1107143129003794
960,0.8610565672964597,0.7001145956273357,0.7681812759080645,6.674321309121786,1.2388027997781796
961,0.6531072895415065,0.41734058411409874,0.5075958114081676,6.715980623258939,1.1792609564372354
962,0.9081777385720861,0.7926337994835827,0.8483754232651766,2.6150526634981857,1.0664836713874424
963,0.7754471139745241,0.570678889076413,0.6540629749681065,3.1899705807247996,1.4911065910511554
964,0.8595604566360924,0.7061083639742352,0.7791342759962375,4.981659743243183,1.2843646128008042
965,0.6864357726712987,0.45204179035778524,0.5545584353560593,1.9870964413679781,1.5262946044198533
966,0.7821039705853204,0.5653009889767391,0.6723337936016003,2.311471829975033,1.2197687524143577
967,0.7481510931700202,0.5218129883126856,0.6270248385145808,2.9793750843908784,1.4627253554447117
968,0.9001218943940995,0.761304454152153,0.8365731388999419,1.893520931530937,1.0930115396714404
969,0.8332960915270444,0.6393015872129051,0.7346186561337136,1.822450287680338,1.2960577152082056
970,0.7317194955420184,0.4857831323941786,0.599417154936317,1.9573651679927615,1.606639292887602
971,0.7204902952356628,0.48210625782021,0.6001276958054058,1.5096173026059267,1.1904377587468749
972,0.7415232306586922,0.5176615980641591,0.6349796019692279,2.6521266495768026,1.3969269083943137
973,0.6852684865718851,0.4362880368044802,0.5484890505016617,4.003032795745744,1.7321184574750859
974,0.9182737625079449,0.8062410888578262,0.8642297777385142,2.6383889794014923,1.1188449146627224
975,0.9274193269541716,0.8233635713280038,0.8754271432718891,1.5935957861488708,1.6796413283022942
976,0.6881744094671027,0.45381269320754314,0.5470664796161778,2.1077528536495787,1.3915571984420718
977,0.7960144147471793,0.600085442977772,0.6867893951670302,2.5623067967925564,1.1439272853863922
978,0.7822638730063426,0.5855308508682926,0.6872534765736316,6.308021862279098,1.40392455934437
979,0.7670158596585667,0.5581977559185047,0.6628867989592607,3.070777125174705,1.7051470099672803
980,0.8083744200691328,0.6089542696786967,0.7300952510061007,2.210561411116151,1.1929715154216445
981,0.8588632502579038,0.6845080908574019,0.7790911732063046,2.6232443368320717,1.4406598511841753
982,0.8734797142697817,0.704160851363071,0.7902492183131948,2.2325573305403448,1.1393037482521902
983,0.8521575284661005,0.6594972608103743,0.7614597470824838,2.8578667073334003,1.088385810106122
984,0.7812026844167295,0.5621566381983206,0.6712610155616917,13.919817401716024,1.4920823858664998
985,0.8430313831003031,0.6556033806693756,0.7565980712164374,2.875162230410939,1.1744154804606213
986,0.9055715975742897,0.7773025139795701,0.8494091974205276,1.9817855464446197,1.1440273811230006
987,0.7570001872890826,0.5326709364066871,0.6448304100551974,1.6548387752822489,1.0437255211528207
988,0.813756908550475,0.6268382991005427,0.7270847816728039,3.178001604263925,1.1507601485830996
989,0.8063438740720319,0.6061517852912552,0.6996873562701549,2.972026760316323,1.3861006442449741
990,0.7835310557036297,0.5654623896996536,0.6610231171525146,2.3756124605208657,1.2863521767164126
991,0.9076458520652962,0.7797402191043385,0.8417192479092342,2.986931644122437,1.3203910846898295
992,0.9260667746861451,0.8180065795902849,0.8725520782821046,2.9318953217972754,1.4139742550040086
993,0.9478926701231615,0.8659215198421821,0.9048954306738075,1.6796649452459629,1.270202965030142
994,0.8913957346191396,0.7496593008944039,0.8118560262649734,4.934861458498012,1.2234613146420723
995,0.9028096421988134,0.7723261896928898,0.8325598089289435,1.9645838789975787,1.2365118370309707
996,0.9289406397444905,0.8268609861200521,0.8753762535015381,3.6893303334642273,1.277304948474726
997,0.8808153866588925,0.7211066319976047,0.7825487009436441,2.218839061420408,1.4546346179062781
998,0.8224845087556703,0.6238184488350471,0.685727462337143,2.3038179173802584,1.374024461852072
999,0.7013118520165323,0.4660171919055833,0.5439235568748307,3.2086747343209994,1.5352598564664288
